,team,median of games,mean of games,std of games,median of games_starts,mean of games_starts,std of games_starts,median of minutes,mean of minutes,std of minutes,median of goals,mean of goals,std of goals,median of assists,mean of assists,std of assists,median of cards_yellow,mean of cards_yellow,std of cards_yellow,median of cards_red,mean of cards_red,std of cards_red,median of xg,mean of xg,std of xg,median of xg_assist,mean of xg_assist,std of xg_assist,median of progressive_carries,mean of progressive_carries,std of progressive_carries,median of progressive_passes,mean of progressive_passes,std of progressive_passes,median of progressive_passes_received,mean of progressive_passes_received,std of progressive_passes_received,median of goals_per90,mean of goals_per90,std of goals_per90,median of assists_per90,mean of assists_per90,std of assists_per90,median of xg_per90,mean of xg_per90,std of xg_per90,median of xg_assist_per90,mean of xg_assist_per90,std of xg_assist_per90,median of gk_goals_against_per90,mean of gk_goals_against_per90,std of gk_goals_against_per90,median of gk_save_pct,mean of gk_save_pct,std of gk_save_pct,median of gk_clean_sheets_pct,mean of gk_clean_sheets_pct,std of gk_clean_sheets_pct,median of gk_pens_save_pct,mean of gk_pens_save_pct,std of gk_pens_save_pct,median of shots_on_target_pct,mean of shots_on_target_pct,std of shots_on_target_pct,median of shots_on_target_per90,mean of shots_on_target_per90,std of shots_on_target_per90,median of goals_per_shot,mean of goals_per_shot,std of goals_per_shot,median of average_shot_distance,mean of average_shot_distance,std of average_shot_distance,median of passes_completed,mean of passes_completed,std of passes_completed,median of passes_pct,mean of passes_pct,std of passes_pct,median of passes_total_distance,mean of passes_total_distance,std of passes_total_distance,median of passes_pct_short,mean of passes_pct_short,std of passes_pct_short,median of passes_pct_medium,mean of passes_pct_medium,std of passes_pct_medium,median of passes_pct_long,mean of passes_pct_long,std of passes_pct_long,median of assisted_shots,mean of assisted_shots,std of assisted_shots,median of passes_into_final_third,mean of passes_into_final_third,std of passes_into_final_third,median of passes_into_penalty_area,mean of passes_into_penalty_area,std of passes_into_penalty_area,median of crosses_into_penalty_area,mean of crosses_into_penalty_area,std of crosses_into_penalty_area,median of sca,mean of sca,std of sca,median of sca_per90,mean of sca_per90,std of sca_per90,median of gca,mean of gca,std of gca,median of gca_per90,mean of gca_per90,std of gca_per90,median of tackles,mean of tackles,std of tackles,median of tackles_won,mean of tackles_won,std of tackles_won,median of challenges,mean of challenges,std of challenges,median of challenges_lost,mean of challenges_lost,std of challenges_lost,median of blocks,mean of blocks,std of blocks,median of blocked_shots,mean of blocked_shots,std of blocked_shots,median of blocked_passes,mean of blocked_passes,std of blocked_passes,median of interceptions,mean of interceptions,std of interceptions,median of touches,mean of touches,std of touches,median of touches_def_pen_area,mean of touches_def_pen_area,std of touches_def_pen_area,median of touches_def_3rd,mean of touches_def_3rd,std of touches_def_3rd,median of touches_mid_3rd,mean of touches_mid_3rd,std of touches_mid_3rd,median of touches_att_3rd,mean of touches_att_3rd,std of touches_att_3rd,median of touches_att_pen_area,mean of touches_att_pen_area,std of touches_att_pen_area,median of take_ons,mean of take_ons,std of take_ons,median of take_ons_won_pct,mean of take_ons_won_pct,std of take_ons_won_pct,median of take_ons_tackled_pct,mean of take_ons_tackled_pct,std of take_ons_tackled_pct,median of carries,mean of carries,std of carries,median of carries_progressive_distance,mean of carries_progressive_distance,std of carries_progressive_distance,median of carries_into_final_third,mean of carries_into_final_third,std of carries_into_final_third,median of carries_into_penalty_area,mean of carries_into_penalty_area,std of carries_into_penalty_area,median of miscontrols,mean of miscontrols,std of miscontrols,median of dispossessed,mean of dispossessed,std of dispossessed,median of passes_received,mean of passes_received,std of passes_received,median of fouls,mean of fouls,std of fouls,median of fouled,mean of fouled,std of fouled,median of offsides,mean of offsides,std of offsides,median of crosses,mean of crosses,std of crosses,median of ball_recoveries,mean of ball_recoveries,std of ball_recoveries,median of aerials_won,mean of aerials_won,std of aerials_won,median of aerials_lost,mean of aerials_lost,std of aerials_lost,median of aerials_won_pct,mean of aerials_won_pct,std of aerials_won_pct
0,all,22.0,20.153688524590162,9.380554985120119,14.0,14.807377049180328,10.362613800062526,1271.0,1327.4877049180327,875.592907863161,1.0,1.9323770491803278,3.3966913610911416,1.0,1.4282786885245902,2.1453783735521,2.0,2.8524590163934427,2.5259950564106295,0.0,0.08811475409836066,0.3046897825677314,0.8,1.9614754098360656,2.9927207161402527,0.8,1.4514344262295082,1.8066265180075398,14.0,25.204918032786885,29.53067205093232,36.0,49.76229508196721,48.000565239431765,23.5,49.16393442622951,61.935995399866485,0.03,0.12102459016393444,0.18874756185062228,0.04,0.0901844262295082,0.12714753513635732,0.07,0.13502049180327869,0.1627068249117358,0.07,0.09803278688524591,0.10199963235640387,1.5,1.6361538461538463,0.6527335854720814,68.5,67.27948717948718,8.302161401744776,20.0,24.06153846153846,22.70393677183037,0.0,18.744,29.98924918477731,30.700000000000003,29.699078341013823,19.76921578902454,0.23,0.407233606557377,0.4756043715223779,0.06,0.07838709677419356,0.10150451323589607,16.4,16.73847926267281,5.040305765385261,431.0,533.3729508196722,439.75441186826,80.1,79.29610655737704,8.239443199332634,6991.0,9161.590163934427,7964.449165466974,89.7,88.73586065573771,6.718337778208527,85.7,84.03340163934426,10.048754410463234,53.75,54.1892561983471,16.1283711633082,8.0,13.15983606557377,14.733326481596636,27.5,41.73565573770492,43.14021120216117,6.0,11.223360655737705,13.802408331391195,1.0,2.639344262295082,4.084458597316274,20.0,30.813524590163933,30.977438658270465,1.8,2.095635245901639,1.4335503256201962,2.0,3.3524590163934427,4.049330577976282,0.15,0.21735655737704918,0.2330209161193682,17.0,23.82172131147541,21.75717633994991,10.0,14.223360655737705,13.344638287479524,16.5,21.674180327868854,19.55255092786404,8.0,10.645491803278688,9.98167418172716,11.0,14.71311475409836,13.203651730707639,2.0,4.973360655737705,7.051971004499743,8.0,9.739754098360656,9.00307371314805,7.0,10.870901639344263,11.414251943951356,706.0,806.7459016393443,596.1363942917638,31.0,90.97745901639344,168.32560331425265,154.0,267.0204918032787,295.0256446413795,268.5,342.98770491803276,301.57487356537905,133.0,204.76024590163934,202.4707495226403,19.0,33.39139344262295,39.66710148408611,13.0,24.584016393442624,30.037435757309144,44.8,46.75345211581292,22.719023119267163,43.8,42.15634743875279,21.6823900119202,381.5,452.0327868852459,343.3804096028099,985.0,1254.108606557377,1046.904480975782,12.0,16.96516393442623,17.627587569060545,2.0,7.883196721311475,13.747080497455489,12.0,18.25409836065574,18.58530981364463,7.0,12.793032786885245,14.278693961829852,462.0,527.8872950819672,402.5776719251944,11.0,14.926229508196721,13.342383122849899,10.0,14.471311475409836,14.119146739162519,1.0,2.2991803278688523,3.791355040535039,9.0,23.510245901639344,34.35387614971927,44.0,56.278688524590166,44.7805073270672,9.0,17.528688524590162,20.471224776786464,12.0,17.51844262295082,17.865332081513014,50.0,48.66985446985447,21.558138104215853
1,Arsenal,22.0,21.954545454545453,7.736599922122014,16.0,16.5,9.903101967132752,1412.0,1474.4545454545455,856.3558298740702,2.0,2.6818181818181817,2.766919614995014,1.5,2.1818181818181817,2.611993649018087,2.5,2.8636363636363638,1.8846612565519705,0.0,0.22727272727272727,0.5284134548067254,1.65,2.4454545454545453,2.544036401492953,0.8500000000000001,1.8590909090909091,2.12101931714988,22.5,33.59090909090909,30.9648942404891,54.5,73.0909090909091,59.40731804440794,50.0,72.0909090909091,73.2366738022037,0.09,0.16045454545454543,0.17027924607838046,0.10500000000000001,0.14090909090909093,0.16189088303131216,0.095,0.15590909090909089,0.14371463427186568,0.095,0.12136363636363634,0.12044739830139858,0.82,0.82,76.5,76.5,36.4,36.4,0.0,0.0,30.4,26.68095238095238,17.872929783547495,0.23,0.40681818181818186,0.4111353196725515,0.11,0.12428571428571428,0.13193071774880286,15.0,14.752380952380953,5.204864940382127,435.0,669.1363636363636,523.4636745894777,82.9,82.10000000000001,6.249876189249863,6740.0,10958.454545454546,9311.094901231556,91.75,90.68636363636364,4.7715721133501106,85.85,84.62727272727273,8.220716097772334,52.7,55.395454545454555,9.920468368010287,10.0,16.727272727272727,16.95142027532352,37.5,54.54545454545455,50.967522126235565,9.0,17.59090909090909,17.807593594037055,1.5,2.9545454545454546,3.657702541047847,23.5,37.86363636363637,32.47606511255336,2.255,2.4540909090909087,1.4306663751749662,3.0,4.7272727272727275,5.311100847074192,0.245,0.29863636363636364,0.31905060733885154,19.0,23.772727272727273,20.196491487341767,12.5,14.045454545454545,12.260961170771598,20.0,20.318181818181817,14.065785450742533,10.5,10.0,6.921326600064608,10.0,12.681818181818182,10.562225431252926,1.5,4.090909090909091,6.654100711370115,7.5,8.590909090909092,6.863700868364647,6.0,8.909090909090908,8.31469777768255,738.5,945.4545454545455,633.7368183862721,23.0,71.13636363636364,158.06065606491387,114.5,236.8181818181818,314.73596437764667,275.5,406.0,362.59488085058183,223.5,309.77272727272725,227.11921178895537,37.0,51.45454545454545,47.366581822980145,22.0,29.181818181818183,28.37778534873187,44.3,48.76363636363636,21.643816788977055,34.3,37.19090909090909,17.45693774190294,388.5,552.8636363636364,380.77768735332586,1211.5,1554.5,1042.7792420349801,18.0,20.59090909090909,17.089844076607914,4.0,11.636363636363637,14.298003372250982,15.0,18.727272727272727,14.716954324477078,12.5,15.136363636363637,12.93682618965996,517.5,662.4090909090909,457.2790810967171,14.0,16.454545454545453,10.89660179762162,17.0,16.045454545454547,11.315717146758953,1.5,3.3636363636363638,3.7102875584291,11.0,31.181818181818183,41.23294610085294,46.5,56.54545454545455,38.479094228433866,10.5,19.454545454545453,19.84637971718741,15.5,18.545454545454547,17.670872651336158,51.15,48.51818181818181,19.400138349129573,N/a,N/a,N/a,N/a
2,Aston Villa,19.5,18.285714285714285,9.706268088799124,9.5,12.964285714285714,10.989834167377369,969.0,1164.642857142857,884.1251467593686,1.0,1.8214285714285714,3.289191856487406,0.0,1.4642857142857142,2.364586611073877,2.0,2.3214285714285716,2.1439591522603334,0.0,0.07142857142857142,0.262265264156481,0.8,1.8499999999999999,2.9272031905077105,0.45,1.3642857142857143,1.8799555325147463,16.0,22.607142857142858,22.518040974120492,33.5,41.92857142857143,45.28259298575146,20.0,41.535714285714285,49.678583315264135,0.045,0.17214285714285713,0.2919964122414944,0.0,0.09,0.12581585603424408,0.08499999999999999,0.1864285714285714,0.23814428066342136,0.06,0.09500000000000001,0.11150485789118487,1.6949999999999998,1.6949999999999998,0.43133513652379407,60.75,60.75,7.283199846221443,57.8,57.8,59.67981233214461,50.0,50.0,26.7,29.487999999999996,21.996710360112182,0.20500000000000002,0.4635714285714286,0.6410825005307605,0.06,0.078,0.08645808232895293,16.2,16.904,4.551508907311216,389.0,466.92857142857144,402.9370807027953,82.15,81.28928571428571,7.156677238811955,5511.0,7964.428571428572,7478.306866350269,91.45,89.97142857142856,5.593108003861284,86.15,86.41428571428573,7.6959207225124,53.6,53.9,15.149012924695542,6.0,11.571428571428571,14.304696383507713,22.0,36.25,44.51185859471109,7.5,10.071428571428571,12.116498001053102,0.0,1.7857142857142858,3.5103776609862547,20.0,27.5,28.452038916719456,1.825,2.167857142857143,1.5053641300433473,2.0,3.3214285714285716,3.7123774096589415,0.18,0.2425,0.22584204575240108,10.0,20.428571428571427,19.827830369025683,6.0,11.714285714285714,12.014981829357394,10.5,17.178571428571427,18.071982759137438,5.0,7.464285714285714,7.871571648129756,9.5,10.5,8.762292952063277,2.5,3.4285714285714284,4.077295503681163,5.5,7.071428571428571,6.157973280279391,5.0,7.821428571428571,8.096883586264768,645.0,685.75,541.3520539319088,29.0,81.10714285714286,178.25810236340186,127.0,228.35714285714286,279.434775306857,233.0,294.17857142857144,285.81048545825536,113.5,170.07142857142858,163.35553784929286,17.5,30.142857142857142,36.85176942906419,16.0,23.035714285714285,28.58966679797174,50.0,50.67777777777778,24.940164291194932,41.7,38.72592592592592,22.763256367572726,382.5,389.82142857142856,301.55805946370134,1029.0,1125.0357142857142,883.4737616738471,12.5,14.25,12.615760278612122,2.0,6.857142857142857,10.2910039308496,7.0,15.678571428571429,19.828997792101177,7.5,12.035714285714286,14.693112881127883,472.0,458.42857142857144,365.6761802237996,8.5,12.964285714285714,13.019876949003619,8.5,15.5,16.609903337734657,1.0,1.7142857142857142,2.462415899780552,4.5,19.142857142857142,33.4184627233757,37.5,44.357142857142854,34.82571876976393,8.0,11.678571428571429,11.492521147600396,8.5,13.178571428571429,13.485392842102158,48.6,40.02222222222222,23.986187264489942,N/a
3,Bournemouth,24.0,21.0,9.496410805236797,16.0,15.73913043478261,11.013286980669172,1530.0,1409.6521739130435,946.7328320788122,1.0,2.217391304347826,3.4106320627112034,1.0,1.608695652173913,2.0167284586402126,3.0,3.608695652173913,2.965546560612741,0.0,0.043478260869565216,0.2085144140570748,1.0,2.617391304347826,3.470217726194378,1.1,1.7565217391304346,1.8300089634545815,19.0,28.47826086956522,33.227685013906694,41.0,56.82608695652174,50.939047510380696,31.0,56.0,69.68891916614473,0.03,0.13565217391304346,0.18322430582501678,0.04,0.10173913043478262,0.11953136423371534,0.08,0.18478260869565216,0.20471420355788683,0.1,0.13043478260869562,0.14898072666286752,1.0,1.09,0.15588457268119899,80.0,79.86666666666666,4.801388688008221,20.0,15.633333333333333,13.971518648068768,0.0,0.0,30.2,25.09,17.10992017576507,0.16,0.5543478260869564,0.6596543591289203,0.065,0.05800000000000001,0.05346912537550107,16.450000000000003,15.765,4.442293741324466,415.0,478.7391304347826,387.9912390518988,74.1,73.92608695652174,6.721486401581149,6761.0,8706.608695652174,7498.847103747047,88.0,86.81739130434782,7.304584623490862,78.8,81.45652173913045,10.777452308447927,47.0,47.126086956521746,18.176938870980656,11.0,17.130434782608695,16.147908245697412,35.0,46.78260869565217,46.55295764624036,6.0,12.73913043478261,13.525119361948002,2.0,3.782608695652174,5.213239454758262,28.0,39.52173913043478,35.50143347325748,2.35,2.62,1.8788971620220585,2.0,3.782608695652174,4.010854836782195,0.22,0.23043478260869568,0.20857695900095716,21.0,27.08695652173913,22.797354398897536,10.0,15.73913043478261,14.203768358190109,23.0,24.26086956521739,20.684243874602515,12.0,12.73913043478261,10.309824931519307,14.0,17.347826086956523,15.581482878585472,2.0,5.043478260869565,6.643371685505684,8.0,12.304347826086957,11.810760819957581,8.0,13.521739130434783,15.069142357261054,778.0,809.2173913043479,595.094641558019,41.0,84.26086956521739,140.8623497639723,148.0,242.7826086956522,263.0634138070029,285.0,346.17391304347825,307.4479486136139,118.0,230.34782608695653,229.3121351694419,19.0,38.56521739130435,47.16010070827064,16.0,25.91304347826087,31.023324133886838,41.650000000000006,43.144999999999996,19.24639337368788,45.099999999999994,43.004999999999995,19.095893055286712,454.0,435.4347826086956,325.20382784381366,1059.0,1363.3478260869565,1229.2970500062831,15.0,19.73913043478261,19.21461894047519,1.0,8.91304347826087,15.828377977768746,17.0,22.17391304347826,20.13511670940066,8.0,13.434782608695652,16.527734506130546,406.0,473.8695652173913,350.875697278554,15.0,19.347826086956523,17.458024192206064,10.0,14.826086956521738,13.12752893008721,0.0,2.652173913043478,4.848698941254747,10.0,31.565217391304348,39.505840864998596,55.0,69.91304347826087,55.65389232771861,20.0,22.304347826086957,20.33455362544861,22.0,23.608695652173914,20.198422824195468,45.9,50.32727272727273,17.984018879686907,N/a
4,Brentford,26.0,22.238095238095237,10.839302384862053,21.0,17.285714285714285,12.625937023218741,1913.0,1547.6666666666667,1066.3490204118598,0.0,2.6666666666666665,5.11207720338155,1.0,1.7619047619047619,2.447544931247676,2.0,2.2857142857142856,1.5856499343441837,0.0,0.047619047619047616,0.21821789023599242,0.8,2.419047619047619,3.832834336051983,1.2,1.7380952380952381,2.198971621116605,12.0,24.523809523809526,31.18592478606182,51.0,55.904761904761905,52.115165510535185,27.0,55.285714285714285,73.31039684597464,0.0,0.11142857142857145,0.18738424998611047,0.06,0.08190476190476192,0.09877343001126607,0.06,0.11809523809523811,0.15686360468952149,0.08,0.09380952380952381,0.08169921605965326,1.385,1.385,0.2050609665440988,61.65,61.65,16.475588001646557,57.8,57.8,59.67981233214461,0.0,0.0,37.5,32.6,16.513782122820924,0.17,0.31380952380952387,0.373543520763996,0.06,0.08235294117647059,0.08555184186830125,14.9,15.852941176470589,4.31973923504921,471.0,553.8571428571429,426.45073404958345,77.2,76.54285714285713,7.969226526368253,7521.0,10141.904761904761,8967.726684644007,87.1,86.49999999999999,7.891134265744057,79.9,81.97142857142856,10.019488153450899,55.1,55.41904761904762,13.44327411933637,8.0,13.619047619047619,16.7405979298118,41.0,45.76190476190476,38.29608956787202,7.0,13.523809523809524,17.89306862340568,2.0,3.7142857142857144,5.0412583463145095,21.0,32.285714285714285,34.527008062012634,1.72,1.8771428571428572,1.1752027180752385,2.0,4.619047619047619,5.696281159460009,0.2,0.26571428571428574,0.24904962213525697,24.0,25.952380952380953,21.287264245262218,16.0,15.571428571428571,12.484275824297653,24.0,24.285714285714285,19.591178772965286,10.0,11.285714285714286,9.930472582625951,17.0,19.952380952380953,18.334328977293364,4.0,8.19047619047619,12.131030655385583,12.0,11.761904761904763,9.74630577144367,8.0,12.238095238095237,11.911778884384825,762.0,889.047619047619,639.2070459710591,47.0,138.52380952380952,274.65207427718786,216.0,348.85714285714283,401.4415630841288,325.0,329.7142857142857,263.55021207677726,158.0,218.66666666666666,222.9251742924817,24.0,40.80952380952381,44.295167961775526,12.0,25.714285714285715,32.42243491340966,45.2,47.731578947368426,19.312030005257775,42.9,43.305263157894736,16.16389920244805,382.0,470.7142857142857,345.33608888402364,1164.0,1298.6190476190477,1089.2998887446226,9.0,15.19047619047619,18.24724375794615,1.0,8.666666666666666,16.67433157081067,14.0,21.285714285714285,23.82255833688493,8.0,12.047619047619047,12.997985191852583,475.0,545.6190476190476,392.17349173426754,11.0,12.428571428571429,10.107281674967947,10.0,14.19047619047619,13.555880818371957,1.0,2.9523809523809526,4.477456761111049,13.0,27.904761904761905,42.81810920849351,50.0,67.33333333333333,53.943797913507474,12.0,26.0,29.816103031751148,14.0,23.095238095238095,23.08225457338334,55.1,54.03809523809524,19.428367821061965,N/a
5,Brighton,19.5,18.428571428571427,9.50800275568515,9.0,12.964285714285714,9.720090469237348,864.5,1163.107142857143,848.8878711142407,1.0,1.8214285714285714,2.8810179711804214,1.0,1.1785714285714286,1.540888907202146,2.0,2.5714285714285716,2.5155600426231786,0.0,0.10714285714285714,0.314970394174356,0.6,1.8321428571428573,2.5868690601558355,0.75,1.2571428571428576,1.3966702655558436,16.0,24.785714285714285,29.44216822588428,37.0,47.214285714285715,48.245788258210524,26.5,46.92857142857143,61.071256845576805,0.035,0.12107142857142858,0.1517878462346385,0.035,0.07857142857142856,0.09830844452309406,0.08499999999999999,0.13071428571428573,0.12289497387271216,0.09,0.10321428571428572,0.07707877506900046,1.0899999999999999,1.0899999999999999,0.834386001800126,69.35,69.35,7.9903066274079855,34.7,34.7,21.637467504308354,0.0,0.0,28.200000000000003,29.353846153846153,21.643682325689976,0.27,0.4439285714285714,0.6539302221565658,0.055,0.07923076923076923,0.09077105604422929,16.4,17.373076923076926,3.7633557038693746,323.0,489.39285714285717,464.60196738201415,80.55,79.45,8.189130103487907,4664.0,8341.535714285714,8879.287168928984,91.1,89.57857142857142,6.182254002405964,82.1,81.65357142857142,9.898240851670158,52.05,54.11785714285714,16.088759673470417,8.5,11.285714285714286,9.801198501381965,19.5,36.607142857142854,47.02508336631064,7.0,10.5,10.290232693622087,1.0,2.7857142857142856,3.735288603626359,22.0,28.571428571428573,23.20349362492891,2.635,2.5435714285714286,1.3438094394384232,3.0,3.25,2.939198681424733,0.25,0.29714285714285715,0.34210521603152855,16.0,21.25,18.420248520461268,9.5,12.821428571428571,11.132380436361945,17.5,21.571428571428573,17.8479764833514,9.0,11.142857142857142,8.847323452611658,11.5,13.607142857142858,11.917429767996632,2.0,3.7857142857142856,5.216477759143636,8.5,9.821428571428571,9.7336893824854,8.5,9.857142857142858,9.419107002236291,583.0,733.3214285714286,595.8941649488656,22.5,80.75,185.92065711141603,117.5,235.46428571428572,312.16798447166315,227.0,319.14285714285717,310.6623407287886,135.5,186.96428571428572,173.58538984067056,15.5,32.67857142857143,40.92545488009702,12.0,25.785714285714285,31.37155723222236,42.5,44.770370370370365,21.526384790884933,47.9,47.18148148148148,20.809429021055244,341.0,428.60714285714283,373.3442795305709,945.5,1293.7857142857142,1407.4780797488625,15.0,17.571428571428573,18.08094673739832,2.0,7.642857142857143,14.032275720807437,10.0,17.857142857142858,18.70574141553234,7.0,11.0,11.84780023339229,387.5,483.7142857142857,410.46611780076785,9.5,13.821428571428571,12.147408110766833,7.5,13.035714285714286,14.48238302177573,1.0,1.2857142857142858,1.7608319342086856,10.0,21.035714285714285,25.58860009899829,38.0,50.67857142857143,42.27516000489121,11.5,16.464285714285715,17.493876479663225,10.5,14.535714285714286,14.286699701463188,53.8,51.34444444444445,19.621050966389163,N/a
6,Chelsea,17.0,18.576923076923077,10.61385161728984,11.5,13.961538461538462,11.014466012406663,1046.5,1253.3461538461538,962.005860369164,1.0,2.1538461538461537,3.390484421935104,1.0,1.6538461538461537,2.115510485765697,2.5,3.6153846153846154,3.2505620815720233,0.0,0.038461538461538464,0.19611613513818402,0.7,2.4115384615384614,3.936122652873198,1.05,1.8576923076923078,2.297681105275156,11.0,29.23076923076923,36.985735295984256,31.5,55.30769230769231,60.995586221148315,11.5,54.5,72.72977382063002,0.05,0.1469230769230769,0.20685781069651166,0.065,0.135,0.18558555978308225,0.08,0.15730769230769232,0.17907669177886198,0.1,0.1553846153846154,0.16989951781522558,1.325,1.325,0.2474873734152917,73.75,73.75,3.3234018715767655,21.299999999999997,21.299999999999997,6.505382386916237,10.0,10.0,14.142135623730951,33.3,29.565217391304344,21.486837592426674,0.26,0.4553846153846154,0.48337340240630344,0.08,0.09434782608695652,0.119347700094248,15.0,15.121739130434786,4.5769140578003125,450.5,618.5384615384615,559.2151092929611,84.75,84.16923076923075,6.484983838423607,7313.0,10716.846153846154,10065.190309943704,92.4,91.16538461538461,5.77469945937915,90.7,88.45000000000002,7.484183322180182,58.599999999999994,57.75769230769232,17.916722313568922,6.0,15.961538461538462,20.506546797022203,25.5,51.53846153846154,56.39590819854275,4.0,12.384615384615385,16.429429504585784,0.0,2.576923076923077,5.11603813060909,15.0,37.07692307692308,44.97992714704912,1.7850000000000001,2.3430769230769233,1.687736399395994,2.0,3.8461538461538463,4.42440782652149,0.21000000000000002,0.2561538461538462,0.24560255573714085,11.0,19.115384615384617,22.38093281894555,8.0,11.961538461538462,13.869335295480514,11.5,18.153846153846153,21.04603013908762,5.5,9.153846153846153,11.191755207088146,9.0,11.846153846153847,12.802163278734756,1.5,3.5,5.270673581241775,5.5,8.346153846153847,9.465483855323225,7.0,9.115384615384615,10.401257320447073,683.0,857.6153846153846,727.0628625874424,19.5,79.61538461538461,168.51446867805194,118.5,256.15384615384613,315.1442453617318,235.5,385.61538461538464,393.34687764598584,91.5,222.8846153846154,248.33772599797672,11.0,38.88461538461539,48.929604063860495,12.5,25.846153846153847,31.443526911200415,43.25,46.24583333333333,20.23131406608527,40.4,38.59166666666667,23.370901950310227,372.5,492.2307692307692,396.7450877016433,970.0,1400.3076923076924,1107.642858297954,9.5,16.807692307692307,18.558058585464657,1.0,10.653846153846153,19.48526070175569,6.0,15.346153846153847,17.921924690595723,6.0,10.384615384615385,11.303369136950002,462.0,613.4615384615385,514.0109906038376,7.0,14.653846153846153,15.369950703088954,10.0,15.038461538461538,16.24433629110348,1.0,2.076923076923077,3.6978164034800534,3.0,22.692307692307693,38.444525468023905,36.5,52.46153846153846,48.33734024063035,8.0,13.538461538461538,16.13004840471539,8.0,13.384615384615385,14.229762958185699,42.1,46.624,25.9946032860669
7,Crystal Palace,28.0,22.714285714285715,9.793583905511083,18.0,17.19047619047619,12.23772465623838,1562.0,1539.2857142857142,1022.7040208612237,0.0,1.7619047619047619,3.160771454957822,1.0,1.4761904761904763,2.0885173597326796,2.0,3.4285714285714284,3.295017884191656,0.0,0.19047619047619047,0.40237390808147827,1.0,2.3523809523809525,3.259696158788277,1.2,1.8047619047619048,2.020513843178559,11.0,20.61904761904762,21.27551689260731,45.0,47.57142857142857,37.678337846263105,10.0,47.095238095238095,61.06300415300967,0.0,0.08619047619047619,0.12947880870923206,0.03,0.060952380952380945,0.08172544046407838,0.08,0.1380952380952381,0.13673401360374993,0.11,0.10238095238095238,0.07395300953340317,1.36,1.36,67.4,67.4,30.3,30.3,50.0,50.0,36.4,30.285714285714285,18.020579505506632,0.34,0.5000000000000001,0.47234521274169805,0.0,0.06380952380952382,0.0898596789709484,17.7,18.19047619047619,5.667530746445471,479.0,490.2857142857143,369.8098353014889,75.4,74.13333333333333,6.948620966302114,7616.0,8794.857142857143,7188.500833175957,85.0,84.44761904761906,6.444115070947993,81.9,79.94761904761904,10.469317983881234,46.5,49.10952380952382,18.21394808277175,9.0,15.047619047619047,15.058141287941849,27.0,36.666666666666664,30.565230791429226,4.0,11.0,11.606032913963324,1.0,2.7142857142857144,3.964124835860459,26.0,35.04761904761905,32.83363548326044,2.0,2.204761904761905,1.4987148462853734,3.0,3.380952380952381,3.1380916251153415,0.16,0.17380952380952383,0.16372159877292278,21.0,31.857142857142858,28.59770220539705,13.0,18.666666666666668,17.689921801221544,23.0,27.523809523809526,21.20523295702985,14.0,13.857142857142858,9.691675367477567,17.0,20.047619047619047,17.448427409013657,3.0,5.761904761904762,6.752071992394349,13.0,14.285714285714286,12.442438897349898,11.0,13.285714285714286,13.546744469217899,795.0,838.952380952381,586.6166956531732,27.0,104.95238095238095,206.99431784241713,168.0,314.9047619047619,348.80379940045157,365.0,348.57142857142856,256.438798045181,132.0,183.47619047619048,173.75460254267193,15.0,31.38095238095238,33.45216912320663,12.0,19.904761904761905,27.962304557930775,40.7,41.129999999999995,23.844476354736308,47.3,48.485,26.444206907135037,396.0,418.42857142857144,295.01636758467674,897.0,1028.2380952380952,753.2046139504129,10.0,14.619047619047619,13.384603806150523,1.0,5.095238095238095,7.245031137992175,13.0,20.523809523809526,20.350968152938197,12.0,14.19047619047619,14.116015895496318,498.0,485.76190476190476,331.33546516512604,12.0,17.333333333333332,15.761768090329632,18.0,17.047619047619047,14.7427141004504,1.0,3.0952380952380953,4.918381460447756,9.0,24.476190476190474,30.393451675680154,59.0,69.23809523809524,51.41488574518547,16.0,21.238095238095237,21.205906634484556,19.0,27.095238095238095,24.663545491078047,42.9,40.61428571428572,19.044324238845697,N/a,N/a,N/a,N/a
8,Everton,23.5,21.09090909090909,8.996872953627996,14.5,16.454545454545453,10.335916448538505,1250.0,1476.5,874.8239959040469,1.0,1.4090909090909092,1.9678146183760226,1.0,0.9090909090909091,1.1087999050492516,3.0,3.227272727272727,2.2239351262767193,0.0,0.09090909090909091,0.29424494316824984,0.95,1.6500000000000001,1.9466087727855628,0.9500000000000001,1.2681818181818185,1.1132904312961576,11.5,19.09090909090909,19.600556578368337,33.5,39.95454545454545,33.462811302395686,23.0,39.22727272727273,39.18203161822523,0.04,0.09409090909090909,0.12730387683129313,0.03,0.060000000000000005,0.08228869042236955,0.05,0.1159090909090909,0.1262898816181811,0.06,0.08454545454545453,0.0742407456299323,1.21,1.21,70.8,70.8,30.3,30.3,100.0,100.0,34.8,32.39047619047619,23.234713356568545,0.26,0.3740909090909091,0.3939018380366586,0.06,0.08095238095238096,0.10473322118147432,17.3,17.29047619047619,5.333657728229734,381.5,436.1363636363636,320.48539012158614,73.19999999999999,73.99545454545454,7.81777445329535,6842.5,8259.59090909091,7416.053093886397,86.05000000000001,85.3,7.781479844568679,82.30000000000001,79.60454545454546,12.267202780962906,53.7,56.74090909090909,15.557287653514642,8.5,11.954545454545455,9.824542993017285,33.5,39.04545454545455,33.262988544723505,8.0,10.272727272727273,9.779384624625603,1.0,3.409090909090909,4.924758547710411,24.5,28.181818181818183,19.283934501810823,1.805,1.9195454545454547,1.143834308983135,2.0,2.3636363636363638,2.059714602177749,0.1,0.16045454545454546,0.159118921467031,23.0,29.272727272727273,27.54421867986062,13.0,17.0,16.43747170919166,21.0,25.454545454545453,21.26863837566896,7.5,12.181818181818182,10.581368907913948,12.5,15.636363636363637,14.062938304857694,3.0,5.7272727272727275,9.238541516421808,7.5,9.909090909090908,8.193546187957882,9.5,13.227272727272727,12.52020012840894,645.0,754.8636363636364,489.4364393243807,29.5,96.4090909090909,207.24994321118393,155.0,273.5,342.80922780267554,276.0,301.40909090909093,220.23205490722285,168.0,188.22727272727272,137.64859739073393,18.5,28.681818181818183,25.181978370097028,17.0,25.772727272727273,29.187296353007213,48.6,48.128571428571426,19.800331887550342,43.9,44.19523809523809,20.244961748308548,301.5,363.8636363636364,232.35795362913362,678.0,967.0909090909091,767.0617352128221,11.0,13.954545454545455,10.719262913213642,2.0,4.954545454545454,6.958908457970038,12.5,20.272727272727273,19.034259384148108,10.0,15.318181818181818,13.439055960454404,404.0,432.1363636363636,262.82681160877195,15.0,17.272727272727273,13.431242250747635,12.5,14.545454545454545,12.070141328431564,1.0,3.4545454545454546,6.261958256976903,6.5,26.545454545454547,34.69695646420285,53.5,60.18181818181818,45.521984603607535,10.0,24.363636363636363,28.466430446012414,14.5,22.136363636363637,22.284514064694502,50.6,48.722727272727276,18.24223074856753,N/a,N/a,N/a,N/a
9,Fulham,25.0,23.09090909090909,9.06541880895848,16.5,16.454545454545453,11.018284685131231,1574.0,1478.5,920.9341918477594,0.5,2.1363636363636362,3.196656803382984,1.0,1.8181818181818181,2.4228350893384945,2.0,3.1363636363636362,2.9648007167503336,0.0,0.09090909090909091,0.29424494316824984,0.95,1.9590909090909092,2.543462037105947,0.75,1.5,1.771466973470078,21.0,30.727272727272727,34.51318839458582,49.0,60.81818181818182,47.18720202165026,30.0,59.86363636363637,69.95460804083736,0.015,0.1690909090909091,0.25313104249642054,0.09,0.11136363636363635,0.1369148311749717,0.07500000000000001,0.14636363636363636,0.1557942921671442,0.085,0.09681818181818182,0.07580591531362706,1.36,1.36,68.4,68.4,15.2,15.2,0.0,0.0,31.4,29.728571428571428,19.090289229268972,0.27,0.5513636363636363,0.6255077591125122,0.06,0.07476190476190475,0.09091859257704377,15.4,16.56666666666667,4.371994205546633,606.5,637.5909090909091,481.7104108418459,81.5,80.22272727272725,7.889349772119361,10431.0,11406.272727272728,9402.908568157278,90.7,88.38181818181818,6.734462637284955,85.19999999999999,84.93636363636364,8.735889054684563,57.45,58.281818181818174,12.62445232621188,9.0,15.090909090909092,16.20672726549098,45.0,52.72727272727273,45.16655085367175,6.0,12.636363636363637,17.742994471448522,1.5,3.8181818181818183,6.455978135004306,25.5,35.40909090909091,30.648015691082932,2.23,2.4263636363636367,1.6231320265947486,2.5,3.9545454545454546,4.1228431328193285,0.185,0.23636363636363636,0.21649910270451808,23.0,26.363636363636363,21.79677882393559,12.0,16.136363636363637,13.853985001901094,18.0,22.136363636363637,19.864530377020422,8.0,10.863636363636363,10.855305722901697,14.0,14.681818181818182,10.824955135225904,2.0,4.318181818181818,5.643254410915774,9.5,10.363636363636363,8.062526217280103,8.5,12.363636363636363,13.520867309971385,910.5,941.9090909090909,658.1206221102277,25.5,104.22727272727273,225.67400251525518,151.5,318.54545454545456,377.6137768966653,376.0,390.54545454545456,306.7947549177164,201.5,242.6818181818182,218.4829483078684,28.5,36.13636363636363,35.52637578790407,17.5,25.363636363636363,25.60235378789457,44.8,43.400000000000006,20.204677676221415,39.1,38.27142857142857,17.588551471259446,502.0,554.9545454545455,397.5148367728499,1181.0,1482.2727272727273,1192.9157229569582,16.0,21.272727272727273,22.416366933415112,4.0,8.863636363636363,10.842137614508868,14.5,20.0,17.53364113436144,7.5,11.318181818181818,11.527963367132086,619.5,631.1818181818181,436.21572168384284,15.0,16.636363636363637,12.863923176096765,14.0,14.272727272727273,10.69125952837318,0.5,1.6818181818181819,3.029794329596265,14.5,34.40909090909091,48.72533230936459,54.5,63.86363636363637,43.38125056326639,14.0,20.90909090909091,20.96915896514755,17.5,21.09090909090909,19.86120672234022,47.0,45.97727272727272,20.97106695785051,N/a,N/a,N/a,N/a
10,Ipswich Town,18.0,17.166666666666668,8.642650189545483,10.0,12.1,9.345292010345139,952.5,1082.5666666666666,770.003613217377,0.0,1.0666666666666667,2.2884015402012388,0.0,0.8,1.0635010497214474,2.0,2.7,2.365703219792781,0.0,0.13333333333333333,0.34574590364176044,0.6,1.0333333333333334,1.7044229144388923,0.4,0.7033333333333333,0.958620896386317,8.5,14.466666666666667,17.65323714249586,20.0,26.766666666666666,24.978174380892987,14.5,26.4,34.839137722414705,0.0,0.08600000000000002,0.13755500467211226,0.0,0.07233333333333335,0.1185453014916539,0.045,0.09333333333333332,0.11481118933014456,0.035,0.059000000000000004,0.061439625537651976,2.44,2.313333333333333,0.43408908455907214,60.7,62.76666666666667,6.45316459834501,5.6,7.433333333333333,8.499607834090543,0.0,0.0,0.0,22.85,28.679166666666664,24.326993044347056,0.09,0.301,0.39003403918650226,0.065,0.06958333333333334,0.07177738330158873,16.1,16.6,5.251583612090986,196.5,331.8333333333333,300.6715567816006,75.2,75.07999999999998,8.383333219076345,4146.0,5900.333333333333,5421.360831411964,87.15,87.01333333333332,7.469142651872636,84.5,81.47666666666667,11.472145677107731,49.55,48.246428571428574,13.8876572469774,4.5,7.933333333333334,10.89110150324672,16.5,24.9,27.464522570035694,4.0,4.766666666666667,5.911317802395634,0.0,1.4333333333333333,2.750339581959281,12.0,18.466666666666665,20.488404345963062,1.365,1.5703333333333331,1.264067008626857,1.0,1.7333333333333334,2.0160277319749236,0.1,0.13999999999999999,0.16573764061685378,12.0,17.333333333333332,15.757501406463925,7.0,9.8,8.891685383858183,12.0,17.766666666666666,16.431012169660768,6.5,9.4,9.456251353214572,8.0,12.766666666666667,13.291644596962184,2.0,5.433333333333334,9.088390978314733,5.5,7.333333333333333,7.396799556440672,6.0,9.5,9.416603092044575,376.5,552.0333333333333,451.8256822342404,25.0,87.6,127.87321306939016,110.0,225.0,241.44307532147127,142.0,218.1,206.7175901295425,100.5,115.03333333333333,119.85579937440724,11.5,17.033333333333335,20.592069670951812,8.0,17.833333333333332,25.599142406612433,48.7,45.1090909090909,12.221133494733781,46.65,45.809090909090905,9.494505132213458,210.5,275.53333333333336,218.33045711889838,558.0,742.7333333333333,596.8798720087615,6.5,9.633333333333333,10.584579979070181,1.5,4.3,7.419220146767913,11.0,15.9,19.721072223770502,5.0,10.166666666666666,13.734134001880468,241.5,328.7,274.0878477347401,8.5,12.6,14.199562887881322,8.5,11.566666666666666,11.162385523476273,0.5,1.5,2.776129779337439,6.0,14.533333333333333,28.58228693503691,34.0,42.13333333333333,34.705393929706254,7.0,15.7,20.837879963645783,12.5,15.633333333333333,16.793848079976588,54.25,52.620000000000005,26.4839756365475
11,Leicester City,21.0,19.153846153846153,9.353896760996703,13.5,13.961538461538462,9.618651752634648,1287.0,1254.4615384615386,793.3058542967765,0.0,1.0384615384615385,1.799572598830494,0.0,0.8076923076923077,1.132050556087696,2.0,2.923076923076923,2.4645174281887625,0.0,0.0,0.0,0.35,1.0807692307692307,1.942373647014236,0.4,0.8576923076923079,1.0488748550415639,13.0,19.96153846153846,21.999055923799585,25.5,36.65384615384615,33.59993131861112,19.5,36.19230769230769,39.21226260319007,0.0,0.059615384615384626,0.09236799312449175,0.0,0.05923076923076923,0.08970721607197837,0.04,0.06576923076923077,0.08381756746282139,0.025,0.06538461538461539,0.07971101651494701,2.16,2.72,1.1113955191559843,58.6,54.63333333333333,13.108139964668265,0.0,1.2666666666666666,2.193931022920578,25.0,25.0,33.3,31.90952380952381,18.05552283269318,0.22,0.2761538461538462,0.2733653514705464,0.0,0.06,0.073824115301167,17.7,18.342857142857138,5.700927242876498,374.0,467.38461538461536,353.6119994483306,77.5,77.81923076923077,8.36770072269649,5709.0,7815.0,6095.050831617404,88.5,88.6576923076923,6.946721418161122,82.9,84.23846153846154,9.10340933598295,50.95,54.51538461538462,18.49362468112062,6.0,8.423076923076923,8.56585349827127,21.5,33.07692307692308,30.785611024532972,5.0,7.423076923076923,8.178865823196157,1.0,2.3461538461538463,3.9389573005282266,13.5,19.423076923076923,17.80825219256079,1.42,1.341923076923077,0.9862211485494284,1.0,1.8076923076923077,2.3497954084427137,0.05500000000000001,0.12384615384615384,0.152894131295532,21.5,24.576923076923077,21.501949822140457,12.0,14.307692307692308,12.651542928099262,18.0,23.423076923076923,21.3694605957625,9.0,12.192307692307692,11.75081011937213,14.5,16.653846153846153,13.404304704660538,3.5,6.384615384615385,7.704943468069953,8.0,10.26923076923077,8.36448536280717,8.5,11.0,11.551623262554921,726.5,730.8846153846154,502.00305392880443,31.5,96.38461538461539,160.4698294192592,143.0,267.65384615384613,271.0971696359358,307.0,332.03846153846155,265.5571472612599,97.0,138.57692307692307,130.07111072853127,15.0,21.307692307692307,23.393621747423772,11.0,21.53846153846154,25.884714824360373,41.7,43.29583333333333,28.211090621561784,50.0,48.55833333333334,25.13639171412232,420.5,414.03846153846155,274.36274977033315,1080.5,1037.8076923076924,720.2701170661335,8.0,12.5,12.143310915891103,2.5,4.6923076923076925,6.130378329396846,12.0,16.653846153846153,15.369950703088955,7.0,10.923076923076923,12.243930992693732,458.5,463.15384615384613,312.9298569721582,12.5,13.346153846153847,10.240868352604899,11.0,12.73076923076923,10.996572892706864,0.5,2.1153846153846154,4.528372096698089,9.0,21.5,26.83616962235855,41.0,50.26923076923077,36.67430456579396,11.0,17.115384615384617,16.21191394765448,14.5,19.03846153846154,16.85818678086293,50.7,48.69166666666666,19.521513587670995,N/a
12,Liverpool,27.0,23.714285714285715,8.5623761722016,18.0,17.285714285714285,11.528845810153145,1560.0,1549.2380952380952,945.4482484389034,1.0,3.5714285714285716,6.209439818304294,2.0,2.6666666666666665,3.928528138289623,3.0,2.857142857142857,2.308369863902106,0.0,0.09523809523809523,0.30079260375911915,1.6,3.5285714285714285,5.412775892011681,1.2,2.5571428571428574,2.993087273797981,21.0,34.19047619047619,35.38872567304317,67.0,79.57142857142857,65.63045895662427,54.0,78.80952380952381,104.6692978134558,0.04,0.16523809523809524,0.23595802693739934,0.14,0.14666666666666667,0.15166849815743985,0.07,0.18619047619047618,0.21143500633708198,0.11,0.13857142857142857,0.122036294367115,1.015,1.015,0.2616295090390226,69.85,69.85,3.181980515339464,39.55,39.55,0.6363961030678917,100.0,100.0,32.5,32.09444444444444,14.871784268212789,0.35,0.510952380952381,0.46104126455128464,0.08,0.07333333333333335,0.06816933932149712,14.85,15.36111111111111,3.95223524080903,590.0,755.8095238095239,609.1593074925162,83.7,82.77619047619048,7.5935436234938924,10916.0,12860.619047619048,10846.916301309744,91.7,91.25714285714287,5.946223291179994,88.3,86.60000000000002,9.842357441182473,60.0,60.38095238095238,15.112167913559558,11.0,21.142857142857142,21.587694907714706,39.0,65.95238095238095,68.63780022005089,8.0,18.38095238095238,22.301291869477406,1.0,3.5714285714285716,5.775564289066728,35.0,47.95238095238095,43.6376857664063,2.71,2.6219047619047617,1.5346192330595203,4.0,6.238095238095238,6.171748228053069,0.34,0.35000000000000003,0.2692953768633988,24.0,27.142857142857142,22.77780874949501,15.0,16.666666666666668,14.086636693452888,19.0,27.38095238095238,26.612922031367,9.0,12.904761904761905,13.404867630472006,9.0,14.80952380952381,14.316490658045522,2.0,3.857142857142857,4.452928410447605,8.0,10.952380952380953,12.463852496223591,7.0,12.619047619047619,15.622023526023092,758.0,1069.904761904762,787.3888432510271,26.0,94.95238095238095,144.78414146254977,155.0,290.1904761904762,306.0265705862187,279.0,483.95238095238096,451.7973523816265,194.0,305.1904761904762,275.03774632723037,40.0,54.142857142857146,70.26256877903464,16.0,27.523809523809526,34.28355151908718,48.55,55.214999999999996,20.817004056653705,41.8,38.3,19.642113724824714,490.0,615.7619047619048,440.9322969302549,1318.0,1674.5238095238096,1197.7608116417744,17.0,23.19047619047619,20.934705748156688,5.0,13.380952380952381,25.281369010550417,19.0,22.0,24.130893062628246,10.0,14.142857142857142,15.35345470663106,552.0,747.5238095238095,548.9916774458078,15.0,17.761904761904763,15.946487895159743,12.0,14.761904761904763,12.988089782199545,1.0,2.5714285714285716,4.249369701160733,6.0,30.238095238095237,43.21678465816813,58.0,66.71428571428571,47.20184621086643,9.0,17.523809523809526,25.417747830244615,12.0,15.523809523809524,12.726425451080313,45.0,50.74761904761904,21.96082009050707,N/a
13,Manchester City,22.0,18.72,8.624190783294782,15.0,14.48,8.322259308625274,1314.0,1302.16,734.7096183754051,1.0,2.52,4.426435736948333,0.0,1.84,2.4610295948376297,2.0,2.2,1.632993161855452,0.0,0.04,0.2,1.1,2.44,4.1681330752908226,1.5,1.9480000000000002,2.1691242472481838,33.0,39.6,42.773628947440656,62.0,66.76,56.414596220009116,18.0,66.12,74.67391333881822,0.05,0.19879999999999998,0.30150069098870513,0.0,0.10280000000000002,0.14208330889540358,0.07,0.1752,0.25865227623201,0.07,0.1208,0.1271128107889471,1.33,1.33,0.2545584412271572,67.25,67.25,1.7677669529663689,29.55,29.55,3.181980515339464,0.0,0.0,0.0,32.349999999999994,31.268181818181816,21.330492065934436,0.33,0.4888,0.5701412105785724,0.07,0.13318181818181818,0.22009492245795878,17.95,17.19090909090909,4.872850841619854,676.0,749.08,549.1794576153287,87.7,86.616,6.8230418436354325,10078.0,12132.4,8968.271238092657,94.3,92.17599999999999,6.014862148600471,92.5,89.53200000000001,7.811194957665995,62.5,60.70399999999999,10.94963774134408,9.0,16.48,15.890563237343098,42.0,57.84,58.279985129259146,11.0,15.0,15.402921800749363,0.0,2.16,3.009429624807111,32.0,38.04,32.4877925791622,2.1,2.4352000000000005,1.749321582785738,3.0,4.4,4.320493798938574,0.29,0.2856,0.2384861980632562,13.0,17.2,15.65779890874406,6.0,10.52,10.2880189217037,12.0,15.72,14.831048513169932,5.0,8.28,8.002707875046628,11.0,11.4,9.00925450115972,1.0,3.16,4.561432523524454,9.0,8.24,6.4503229893290355,5.0,7.8,8.098353742170895,868.0,974.96,649.5249212565544,35.0,73.88,131.34252928887886,197.0,228.16,227.00397940711673,331.0,419.44,363.16640813819765,324.0,335.32,266.10253662827046,20.0,46.16,50.461767705858264,21.0,28.0,38.68246803570492,45.5,48.83043478260869,26.834821929429488,35.1,36.85652173913043,23.593524267302218,563.0,626.96,430.45707103031776,1674.0,1940.32,1459.720684469007,23.0,29.48,26.13446000972662,3.0,13.84,21.801528998367676,10.0,16.16,14.570746949510403,10.0,13.92,13.826062346163495,630.0,739.0,503.8758941115031,10.0,10.0,7.724420150837645,12.0,13.04,11.058480908334563,0.0,1.6,2.273030282830976,4.0,22.0,29.732137494637012,46.0,50.24,33.875113775946694,5.0,10.64,13.209466302617983,8.0,11.32,10.769246336985086,50.0,44.476000000000006,21.6593951900786
14,Manchester Utd,20.0,18.807692307692307,10.575515990321156,14.5,13.884615384615385,10.362729073277649,1311.5,1238.3846153846155,895.7546573442116,0.0,1.3846153846153846,2.192294196989502,0.0,0.9230769230769231,2.0961503175693657,2.0,2.8076923076923075,2.4003204914216063,0.0,0.11538461538461539,0.4314554973040048,0.9,1.696153846153846,2.2532608848920748,0.5,1.2384615384615383,1.5945098113406322,10.0,22.384615384615383,31.384170434251622,42.5,46.23076923076923,55.31459676599492,17.0,45.96153846153846,64.32012485636561,0.0,0.07461538461538461,0.11409577623140199,0.0,0.04307692307692308,0.08803495809139598,0.07,0.1257692307692308,0.15001794764422227,0.06,0.08115384615384615,0.07606980599827626,1.31,1.31,69.5,69.5,28.1,28.1,25.0,25.0,29.8,27.30454545454546,16.15185312301221,0.21000000000000002,0.3873076923076923,0.4634182360875126,0.02,0.054090909090909085,0.06828923717116712,16.05,16.172727272727272,6.04602835541307,561.0,551.8076923076923,460.2912138401748,82.1,82.64615384615385,5.946644820012762,8084.0,9058.076923076924,8139.392866414924,90.15,89.62307692307692,4.615392307685897,85.9,84.7346153846154,9.200953963918842,55.3,58.70769230769231,17.503049404647708,6.5,12.76923076923077,16.560936428373108,24.0,37.03846153846154,40.18803878691347,5.5,10.423076923076923,13.700140369859215,1.0,2.3076923076923075,2.796701353655492,20.5,29.846153846153847,34.762844886680156,1.94,2.2169230769230768,1.3847361314872064,1.0,2.269230769230769,3.8735791439720684,0.045,0.12538461538461537,0.206324613543431,20.0,27.46153846153846,27.577136572502624,9.5,16.46153846153846,16.750476457058216,16.0,24.076923076923077,24.302959617171034,5.5,10.884615384615385,12.100667495892688,9.0,12.538461538461538,10.819355874471526,2.0,3.6538461538461537,5.011525178564368,8.0,8.884615384615385,8.247796908638927,7.0,12.653846153846153,12.862168736857118,767.5,812.4615384615385,650.8429138137238,22.5,83.11538461538461,189.86570557593112,149.5,284.65384615384613,321.69400893491223,316.0,344.88461538461536,303.3928577831821,130.5,190.53846153846155,215.94429481127412,19.0,31.0,36.41647978594307,5.5,21.0,25.12050954897213,48.8,48.57500000000001,26.985185146507785,49.2,46.125,24.569674662955517,474.0,495.3076923076923,395.34155048320116,751.5,1235.923076923077,1093.4415365469495,10.0,15.538461538461538,17.940414196401974,1.0,7.653846153846154,15.569052142483969,9.0,16.615384615384617,17.42659329433478,5.5,12.26923076923077,13.829122003388912,537.0,546.1923076923077,431.14341179990396,10.0,13.576923076923077,11.27181645316522,7.0,12.23076923076923,11.100658331135834,1.0,2.3076923076923075,3.0954060253121014,6.0,20.576923076923077,35.55634748049701,43.5,57.07692307692308,50.862106190698064,10.0,15.807692307692308,16.08979609757496,13.0,16.307692307692307,17.9215383955044,50.0,49.908,23.44896799434892,N/a,N/a,N/a,N/a
15,Newcastle Utd,27.5,22.363636363636363,9.673456340716982,17.5,16.5,11.705716958982459,1677.5,1477.090909090909,974.9248522488632,0.0,2.727272727272727,4.958703922270879,1.0,2.090909090909091,2.8769873612958876,2.0,2.6363636363636362,2.9365586361209655,0.0,0.045454545454545456,0.2132007163556105,0.55,2.527272727272728,4.055587775870744,0.75,1.8409090909090908,2.230664878655196,17.5,29.09090909090909,31.625651268895922,57.5,59.77272727272727,57.111363074328665,30.5,59.04545454545455,66.31345282801993,0.0,0.13363636363636366,0.21964355224611087,0.06,0.10681818181818183,0.13321612813971434,0.11499999999999999,0.14499999999999996,0.16401945296939918,0.075,0.09727272727272726,0.09492763249578813,1.295,1.295,0.134350288425444,70.6,70.6,0.14142135623731153,38.05,38.05,16.899852070358484,50.0,50.0,23.549999999999997,22.915,17.928491732141712,0.205,0.35727272727272735,0.4253870150276246,0.0,0.07450000000000001,0.0997087864998023,14.8,15.680000000000001,3.7180357009695606,456.0,598.8181818181819,487.7966629811898,81.7,80.25454545454546,5.8413735560778015,7362.5,10089.636363636364,8624.39295059274,88.0,88.65454545454548,5.3723921489963296,86.6,86.74545454545455,8.308614420772791,51.5,53.457142857142856,12.570981323213054,10.0,15.181818181818182,15.82835419545559,28.0,43.36363636363637,44.76982982252291,9.0,14.227272727272727,16.786989911923765,0.5,2.727272727272727,4.452733972161354,32.0,35.5,33.09977700975096,2.115,2.0581818181818186,1.40339600481131,3.0,4.7272727272727275,5.2570299253821675,0.24,0.22954545454545458,0.21455329613668692,23.0,24.318181818181817,20.961157646230557,14.5,15.090909090909092,13.233827833782602,27.0,23.954545454545453,21.60792904011389,9.0,11.5,10.671501880286222,17.5,17.09090909090909,13.426729172700858,3.5,5.7272727272727275,7.031776976404147,10.5,11.363636363636363,9.771413381927893,6.0,11.0,11.567606658662102,814.5,900.5909090909091,681.5678465400414,28.0,92.63636363636364,141.86531018457694,139.5,301.90909090909093,328.58048359440676,274.0,379.09090909090907,331.3567936157711,156.0,228.63636363636363,210.4438722714999,29.0,40.59090909090909,43.87390925618452,9.5,26.5,29.94558557180165,45.150000000000006,42.010000000000005,19.93536661577266,44.05,44.13999999999999,17.04861161193887,464.5,515.1818181818181,400.1859849005491,1565.5,1400.4545454545455,1061.5292530017039,16.0,18.0,16.60751407675224,3.5,10.363636363636363,15.42275824427887,16.0,18.5,16.936154620613657,7.0,18.045454545454547,20.362143382190467,560.5,594.0,468.30006660361727,9.5,15.590909090909092,16.36680464758758,11.0,18.0,23.593784492248517,2.0,2.9545454545454546,4.336745243539135,11.0,25.818181818181817,36.969274711945225,48.0,66.18181818181819,55.8336273171817,8.0,18.40909090909091,27.01262331173739,10.0,17.863636363636363,19.039546449543618,50.0,48.42272727272728,23.874890811381974,N/a
16,Nott'ham Forest,28.0,23.333333333333332,9.264628073124864,18.0,16.761904761904763,11.894976931061118,1742.0,1503.904761904762,988.996254025358,1.0,2.380952380952381,4.055566427469664,1.0,1.7142857142857142,2.390457218668787,2.0,3.1904761904761907,2.619523766241635,0.0,0.09523809523809523,0.30079260375911915,1.4,1.9095238095238096,2.4770758490415186,1.1,1.3904761904761906,1.3615817132676105,13.0,25.523809523809526,32.19102211427753,34.0,43.95238095238095,39.85031516873636,19.0,43.523809523809526,54.34852256282506,0.04,0.1280952380952381,0.1715406379730193,0.06,0.09857142857142856,0.1168454412583441,0.08,0.1219047619047619,0.1408765078932271,0.07,0.09285714285714286,0.08603155567248898,1.19,1.19,74.5,74.5,40.6,40.6,0.0,0.0,38.9,40.9421052631579,25.41922535294614,0.32,0.46095238095238095,0.43377303698944636,0.06,0.0836842105263158,0.08623034567146233,18.9,18.678947368421053,6.1145163293199625,418.0,422.42857142857144,310.0010599060222,78.0,74.07142857142856,8.559038664309377,6008.0,7209.666666666667,5757.437175804295,88.1,85.96190476190478,7.6497370013926735,81.6,78.3952380952381,11.577455514510783,46.0,46.699999999999996,18.339356586314583,11.0,13.761904761904763,14.243962797988353,26.0,37.04761904761905,34.08148498888537,8.0,9.476190476190476,9.912714298410137,1.0,2.3333333333333335,3.1358146203711303,29.0,32.666666666666664,30.43572462310259,1.75,2.051904761904762,1.320808915201662,2.0,3.8095238095238093,4.697010193932387,0.18,0.23619047619047623,0.24779984242279474,21.0,27.571428571428573,23.79195542314971,13.0,16.857142857142858,14.940835700474436,20.0,26.19047619047619,24.549173199150818,7.0,12.952380952380953,12.721934563878996,11.0,17.714285714285715,17.27756596613903,4.0,6.476190476190476,9.703705723171161,8.0,11.238095238095237,10.1237580073052,12.0,12.80952380952381,10.55281501599951,886.0,747.7619047619048,509.1046950050554,31.0,99.38095238095238,164.4245955416878,159.0,256.5238095238095,266.5778721213783,254.0,298.42857142857144,238.94488306481296,158.0,202.42857142857142,192.43273407312267,21.0,31.523809523809526,29.6995270124274,11.0,24.714285714285715,26.488002675065665,40.0,49.32222222222222,25.03352001183626,38.45,39.32222222222222,22.701400722669995,371.0,342.76190476190476,245.0424258698695,849.0,1062.4761904761904,936.7811173933651,10.0,16.285714285714285,17.076717650482067,2.0,7.666666666666667,12.013880860626733,17.0,22.857142857142858,21.87529591636583,9.0,12.714285714285714,11.853872182299153,461.0,419.4761904761905,299.93976379393564,12.0,16.0,12.680693987317888,10.0,16.714285714285715,15.611351181569317,1.0,3.5714285714285716,5.436648127030373,8.0,23.238095238095237,34.92549893974997,50.0,63.142857142857146,49.07064877733502,14.0,22.523809523809526,24.152886054505053,19.0,22.523809523809526,24.778254675458978,43.8,47.54761904761905,17.77860003058787,N/a,N/a,N/a,N/a
17,Southampton,20.0,17.655172413793103,9.762449422107744,12.0,12.482758620689655,9.19868270714878,1045.0,1117.2068965517242,800.3252633108591,0.0,0.7931034482758621,1.0816426114554918,0.0,0.4827586206896552,0.8289705171033531,2.0,2.7241379310344827,2.8895940362932095,0.0,0.10344827586206896,0.40925259281898757,0.4,1.0241379310344827,1.3694772653445424,0.5,0.7724137931034484,0.8688648389562005,10.0,19.82758620689655,26.015200179781218,23.0,34.93103448275862,37.726393787073526,19.0,33.89655172413793,36.66678608728127,0.0,0.05172413793103449,0.08062563246782899,0.0,0.042413793103448276,0.09803990340722762,0.04,0.07689655172413792,0.08932698553532177,0.04,0.05413793103448277,0.05760191225616128,2.33,2.4166666666666665,0.15885003409925147,67.7,67.66666666666667,2.6501572280401264,0.0,2.6666666666666665,4.618802153517007,14.3,14.3,20.22325394193526,28.0,25.164,21.984897846779578,0.1,0.21448275862068963,0.28439894272076616,0.05,0.0616,0.09026257991733526,18.1,17.388,5.97789818135661,242.0,476.6896551724138,455.1580654366346,80.2,81.10000000000001,7.907500959757857,3918.0,8075.172413793103,8085.571103908163,90.8,89.96896551724137,6.597786611988895,89.5,85.56896551724138,10.913003496755467,54.75,53.44642857142858,17.008178471565813,5.0,8.413793103448276,8.65413708407434,13.0,30.896551724137932,37.85531178767217,5.0,6.689655172413793,7.521889239678429,1.0,1.793103448275862,2.554817722668119,15.0,19.17241379310345,18.943655111026416,1.46,1.4341379310344826,0.8362608839410416,1.0,1.3103448275862069,1.8536344275862497,0.06,0.10655172413793103,0.14152929686789653,13.0,19.689655172413794,18.520458665015873,7.0,11.379310344827585,10.83781011453964,12.0,17.482758620689655,13.595221559837992,10.0,9.068965517241379,6.808246231502535,7.0,12.586206896551724,14.034440396445428,2.0,5.517241379310345,8.74896193701684,5.0,7.068965517241379,7.5447760284979335,5.0,9.241379310344827,11.867287487681038,457.0,690.8620689655172,599.7934599354021,40.0,88.37931034482759,159.4251758647529,161.0,251.41379310344828,302.1255081255115,186.0,298.2068965517241,291.77136098938166,122.0,147.3448275862069,143.7252527423837,15.0,20.862068965517242,19.931533053235437,5.0,21.724137931034484,30.539080994363523,44.05,48.15384615384615,27.82317351804759,45.400000000000006,42.39999999999999,28.070240469222913,253.0,386.86206896551727,341.6091881645218,599.0,1051.448275862069,1067.0744245769397,9.0,14.758620689655173,18.064675815393723,1.0,4.931034482758621,7.284675865339116,9.0,13.931034482758621,14.389805504698604,5.0,10.620689655172415,13.159498994760533,336.0,471.62068965517244,412.8048149803197,12.0,14.0,12.764347669527472,8.0,12.862068965517242,14.57670386495186,0.0,1.4482758620689655,2.599260978714523,5.0,16.82758620689655,25.586085735243508,23.0,43.89655172413793,41.676770531921534,6.0,13.655172413793103,20.142839674380152,7.0,11.689655172413794,12.775823843371015,54.5,54.51379310344828,22.945661341182486
18,Tottenham,19.0,17.74074074074074,9.079107854310324,14.0,13.0,7.927556612611092,1252.0,1167.7777777777778,680.0686805436715,0.0,2.111111111111111,3.190530861704237,1.0,1.5925925925925926,2.257623993685861,2.0,2.2962962962962963,2.3503651895432176,0.0,0.037037037037037035,0.19245008972987523,0.7,1.977777777777778,2.8772761335537385,0.6,1.4814814814814814,2.011512449919795,15.0,26.88888888888889,28.29831923975118,45.0,53.18518518518518,45.38725425714634,30.0,52.81481481481482,67.90153336720927,0.0,0.1451851851851852,0.2240942516403168,0.05,0.12,0.15879352825409673,0.08,0.14592592592592593,0.16955278867700216,0.07,0.10629629629629628,0.11516370115048433,1.75,1.7133333333333336,0.4461315202194678,69.0,65.06666666666666,7.605480480109944,20.0,19.766666666666666,5.353814839283604,0.0,0.0,37.5,34.80416666666667,20.608851605384363,0.3,0.41888888888888887,0.4146298936617435,0.065,0.08166666666666667,0.0995497108360252,16.6,15.862499999999999,5.179710626464866,659.0,542.1111111111111,357.33482825940644,84.8,81.38518518518521,8.282776555261373,9970.0,8936.333333333334,6139.7574557456755,91.4,89.9962962962963,6.635712325189968,90.1,84.95925925925928,10.771374430522185,55.6,55.562962962962956,14.822959014991373,6.0,12.666666666666666,16.893330500070594,36.0,42.25925925925926,37.897221932477194,7.0,12.481481481481481,16.2062912056977,1.0,2.7037037037037037,4.366082690774198,15.0,28.962962962962962,35.36891451486904,1.7,1.9462962962962962,1.5563447021495052,2.0,3.6296296296296298,4.4819994520659066,0.26,0.26407407407407407,0.2655366012618347,12.0,21.37037037037037,20.009897835721485,6.0,13.592592592592593,13.471506281091267,14.0,19.40740740740741,17.16718528799205,8.0,9.555555555555555,8.186918896974674,15.0,13.74074074074074,11.261208408284379,4.0,4.666666666666667,4.835764198615911,9.0,9.074074074074074,8.380040049132894,9.0,9.88888888888889,10.16530045465127,833.0,784.5925925925926,498.96070904810654,42.0,80.03703703703704,106.51452825481005,207.0,254.22222222222223,214.1820457413476,359.0,331.48148148148147,247.68223599703316,130.0,206.7037037037037,221.09270850705536,20.0,33.407407407407405,41.250882749770675,19.0,25.88888888888889,28.062201971462958,42.95,43.715384615384615,24.813265682818816,48.4,43.18461538461539,23.862568048015156,564.0,494.4074074074074,303.9198096739512,1378.0,1352.6296296296296,844.4539040180914,17.0,18.40740740740741,16.81862351282342,4.0,8.296296296296296,11.694228737073075,13.0,16.814814814814813,17.47093638685741,10.0,13.555555555555555,15.61885776709417,587.0,537.8888888888889,333.06586705165665,10.0,13.777777777777779,12.388994288770153,10.0,15.296296296296296,14.935282992386789,1.0,1.9259259259259258,2.8813181535530403,10.0,24.074074074074073,39.28781953141156,56.0,53.370370370370374,39.34966342163566,8.0,13.074074074074074,13.035236051463698,11.0,13.148148148148149,12.66340488817377,50.0,50.67037037037038,22.98832169761278,N/a
19,West Ham,20.0,20.4,7.984359711335656,14.0,14.52,10.120606042459444,1070.0,1302.32,849.2039272165432,0.0,1.36,2.3252240035460385,1.0,0.84,1.1430952132988166,2.0,2.84,2.5442746183015177,0.0,0.12,0.33166247903553997,1.0,1.6920000000000002,2.1025619293297084,1.1,1.18,1.2315302134607444,11.0,21.76,28.297938676400676,31.0,42.24,38.045236232674384,21.0,41.92,53.65547502352393,0.0,0.0868,0.13477512134416106,0.03,0.07519999999999999,0.13847743498491008,0.07,0.1408,0.16291408778862557,0.08,0.1044,0.1015332457867865,1.67,1.67,0.014142135623730963,68.69999999999999,68.69999999999999,8.343860018001259,17.85,17.85,1.6263455967290597,0.0,0.0,28.6,24.45217391304348,14.178853318337309,0.24,0.3924,0.4162559308886782,0.0,0.04782608695652174,0.06508431746163311,16.7,17.713043478260868,5.581080405980881,487.0,501.36,378.79434613872826,79.7,78.524,7.7540999907575765,8180.0,8806.48,6832.337491176306,89.7,88.58,7.12045176469396,85.7,83.26800000000001,10.519138114249982,54.8,52.644000000000005,19.060300802103484,9.0,11.56,11.438531374263045,37.0,37.16,31.580162549718878,4.0,9.4,11.503622617824933,1.0,2.52,3.417113791881486,18.0,28.6,28.483913588784347,2.37,2.2192000000000003,1.4824976672269448,1.0,2.04,2.6689573494781316,0.1,0.1324,0.16452659359507812,17.0,22.16,19.507861663100513,11.0,13.24,11.741237867732119,21.0,18.44,14.177681992013598,7.0,8.8,7.182153808805081,14.0,15.96,12.898578733074947,4.0,6.08,8.041144197189851,9.0,9.88,7.628455501170163,8.0,11.68,14.132468527000746,617.0,781.0,554.2746010177025,33.0,101.96,166.02346219736535,196.0,287.76,293.4575892129332,366.0,332.88,267.76362710420545,106.0,167.84,172.13310741012802,22.0,29.2,36.74801581945162,11.0,27.04,41.78963188798549,51.45,52.27916666666666,22.683262919312703,42.75,36.65416666666667,22.99625639035655,285.0,394.6,291.69904582177384,714.0,1025.76,879.0222920950298,10.0,13.88,15.690549172458345,2.0,6.12,12.275721295847887,11.0,17.12,18.45562244954095,6.0,13.88,21.09960505159595,421.0,497.68,361.6291516641507,14.0,15.2,13.272779161376365,11.0,14.32,16.35471389742623,1.0,2.56,3.97994974842648,11.0,21.08,25.630255558616657,39.0,54.12,45.588119797450155,9.0,20.4,25.601106746909725,12.0,19.56,18.21647605877712,50.0,51.088,16.531215926240876,N/a
20,Wolves,24.0,21.347826086956523,8.45097463799388,15.0,15.695652173913043,10.150838669376023,1364.0,1409.1304347826087,817.2571256869933,1.0,2.0434782608695654,3.6739656660637188,1.0,1.565217391304348,1.9731397903876622,2.0,3.1739130434782608,2.7077695268018434,0.0,0.08695652173913043,0.28810406552003043,0.8,1.6695652173913043,2.30640112860012,0.9,1.3217391304347827,1.6838690625351027,12.0,22.217391304347824,25.75224001155333,30.0,43.65217391304348,38.71763598114404,28.0,42.95652173913044,45.383695771689126,0.07,0.11782608695652173,0.16247955176908568,0.04,0.10086956521739132,0.13187159882656727,0.07,0.11217391304347826,0.12250998184708832,0.07,0.0791304347826087,0.07757184608057117,2.095,2.095,0.47376154339498694,61.5,61.5,0.0,12.0,12.0,16.97056274847714,10.0,10.0,14.142135623730951,28.6,31.64285714285715,17.15717259424091,0.24,0.3573913043478261,0.4095587136430485,0.07,0.09571428571428572,0.11129112402035611,18.3,17.59047619047619,4.844884390974129,482.0,524.0434782608696,377.71255042821673,80.4,77.48695652173913,8.996883518390035,9479.0,8952.217391304348,5914.570966969638,90.4,88.1304347826087,7.0549424830210485,86.1,84.38695652173911,9.8466101387887,56.7,51.165217391304346,18.963376394217743,10.0,11.521739130434783,11.731347148936212,23.0,37.47826086956522,31.787461171773938,4.0,10.173913043478262,11.718874340578818,1.0,2.4782608695652173,2.998023064035719,18.0,27.608695652173914,25.67584491029862,1.71,1.768695652173913,1.04001881253888,3.0,3.652173913043478,3.675579059539449,0.19,0.2504347826086956,0.23503342626624535,19.0,29.91304347826087,25.912287438900595,12.0,17.52173913043478,16.141053151450333,17.0,25.0,21.807004712831485,7.0,11.391304347826088,12.459896141529732,14.0,17.0,12.079283542871693,4.0,5.6521739130434785,5.796618886371088,9.0,11.347826086956522,9.952654719640355,9.0,11.695652173913043,9.368393587962256,718.0,819.1739130434783,527.8644499020139,55.0,97.0,138.33654614742989,304.0,287.60869565217394,232.61570710869006,317.0,369.5217391304348,292.22685297015056,123.0,172.2608695652174,175.31043048139816,20.0,26.52173913043478,29.438486814523156,13.0,26.565217391304348,32.41187505018454,46.3,43.904761904761905,23.055465213056884,41.7,42.404761904761905,23.111976899228594,390.0,449.3478260869565,283.1783261954867,938.0,1248.391304347826,851.976671635942,12.0,17.0,20.34922379578418,3.0,5.391304347826087,7.9814508275283504,15.0,21.869565217391305,21.977890435257653,10.0,13.521739130434783,14.311056009626682,467.0,519.9565217391304,339.0026117170606,14.0,19.0,17.0,8.0,15.869565217391305,15.557238443380294,1.0,2.4782608695652173,3.301095757711525,10.0,20.391304347826086,28.725565316748746,43.0,62.130434782608695,47.677233320266176,10.0,16.82608695652174,16.425180707219695,15.0,18.391304347826086,19.220583498934825,40.9,46.5,24.037073638255325
