,team,median of age,mean of age,std of age,median of games,mean of games,std of games,median of games_starts,mean of games_starts,std of games_starts,median of minutes,mean of minutes,std of minutes,median of goals,mean of goals,std of goals,median of assists,mean of assists,std of assists,median of cards_yellow,mean of cards_yellow,std of cards_yellow,median of cards_red,mean of cards_red,std of cards_red,median of xg,mean of xg,std of xg,median of xg_assist,mean of xg_assist,std of xg_assist,median of progressive_carries,mean of progressive_carries,std of progressive_carries,median of progressive_passes,mean of progressive_passes,std of progressive_passes,median of progressive_passes_received,mean of progressive_passes_received,std of progressive_passes_received,median of goals_per90,mean of goals_per90,std of goals_per90,median of assists_per90,mean of assists_per90,std of assists_per90,median of xg_per90,mean of xg_per90,std of xg_per90,median of xg_assist_per90,mean of xg_assist_per90,std of xg_assist_per90,median of gk_goals_against_per90,mean of gk_goals_against_per90,std of gk_goals_against_per90,median of gk_save_pct,mean of gk_save_pct,std of gk_save_pct,median of gk_clean_sheets_pct,mean of gk_clean_sheets_pct,std of gk_clean_sheets_pct,median of gk_pens_save_pct,mean of gk_pens_save_pct,std of gk_pens_save_pct,median of shots_on_target_pct,mean of shots_on_target_pct,std of shots_on_target_pct,median of shots_on_target_per90,mean of shots_on_target_per90,std of shots_on_target_per90,median of goals_per_shot,mean of goals_per_shot,std of goals_per_shot,median of average_shot_distance,mean of average_shot_distance,std of average_shot_distance,median of passes_completed,mean of passes_completed,std of passes_completed,median of passes_pct,mean of passes_pct,std of passes_pct,median of passes_total_distance,mean of passes_total_distance,std of passes_total_distance,median of passes_pct_short,mean of passes_pct_short,std of passes_pct_short,median of passes_pct_medium,mean of passes_pct_medium,std of passes_pct_medium,median of passes_pct_long,mean of passes_pct_long,std of passes_pct_long,median of assisted_shots,mean of assisted_shots,std of assisted_shots,median of passes_into_final_third,mean of passes_into_final_third,std of passes_into_final_third,median of passes_into_penalty_area,mean of passes_into_penalty_area,std of passes_into_penalty_area,median of crosses_into_penalty_area,mean of crosses_into_penalty_area,std of crosses_into_penalty_area,median of sca,mean of sca,std of sca,median of sca_per90,mean of sca_per90,std of sca_per90,median of gca,mean of gca,std of gca,median of gca_per90,mean of gca_per90,std of gca_per90,median of tackles,mean of tackles,std of tackles,median of tackles_won,mean of tackles_won,std of tackles_won,median of challenges,mean of challenges,std of challenges,median of challenges_lost,mean of challenges_lost,std of challenges_lost,median of blocks,mean of blocks,std of blocks,median of blocked_shots,mean of blocked_shots,std of blocked_shots,median of blocked_passes,mean of blocked_passes,std of blocked_passes,median of interceptions,mean of interceptions,std of interceptions,median of touches,mean of touches,std of touches,median of touches_def_pen_area,mean of touches_def_pen_area,std of touches_def_pen_area,median of touches_def_3rd,mean of touches_def_3rd,std of touches_def_3rd,median of touches_mid_3rd,mean of touches_mid_3rd,std of touches_mid_3rd,median of touches_att_3rd,mean of touches_att_3rd,std of touches_att_3rd,median of touches_att_pen_area,mean of touches_att_pen_area,std of touches_att_pen_area,median of take_ons,mean of take_ons,std of take_ons,median of take_ons_won_pct,mean of take_ons_won_pct,std of take_ons_won_pct,median of take_ons_tackled_pct,mean of take_ons_tackled_pct,std of take_ons_tackled_pct,median of carries,mean of carries,std of carries,median of carries_progressive_distance,mean of carries_progressive_distance,std of carries_progressive_distance,median of carries_into_final_third,mean of carries_into_final_third,std of carries_into_final_third,median of carries_into_penalty_area,mean of carries_into_penalty_area,std of carries_into_penalty_area,median of miscontrols,mean of miscontrols,std of miscontrols,median of dispossessed,mean of dispossessed,std of dispossessed,median of passes_received,mean of passes_received,std of passes_received,median of fouls,mean of fouls,std of fouls,median of fouled,mean of fouled,std of fouled,median of offsides,mean of offsides,std of offsides,median of crosses,mean of crosses,std of crosses,median of ball_recoveries,mean of ball_recoveries,std of ball_recoveries,median of aerials_won,mean of aerials_won,std of aerials_won,median of aerials_lost,mean of aerials_lost,std of aerials_lost,median of aerials_won_pct,mean of aerials_won_pct,std of aerials_won_pct
0,All,26.568,26.924,4.237,22.0,20.884,9.66,14.5,15.322,10.713,1347.5,1374.331,904.935,1.0,1.996,3.514,1.0,1.49,2.214,2.0,2.946,2.6,0.0,0.093,0.311,0.85,2.024,3.076,0.9,1.499,1.861,14.5,26.126,30.426,37.5,51.494,49.63,24.0,50.837,63.639,0.03,0.12,0.187,0.04,0.09,0.125,0.07,0.133,0.161,0.07,0.098,0.102,1.47,1.64,0.653,68.3,67.167,8.303,18.8,23.954,22.638,0.0,18.535,29.762,30.2,29.461,20.011,0.23,0.401,0.472,0.06,0.077,0.099,16.3,16.793,5.113,452.0,552.502,455.163,80.15,79.251,8.268,7294.5,9495.052,8243.112,89.8,88.716,6.794,85.7,83.952,10.223,54.0,54.309,15.762,8.0,13.649,15.292,28.5,43.184,44.616,6.0,11.632,14.309,1.0,2.754,4.276,21.0,31.965,32.027,1.83,2.096,1.435,2.0,3.494,4.202,0.16,0.216,0.225,17.0,24.587,22.407,10.0,14.68,13.773,17.0,22.378,20.172,8.0,10.996,10.302,12.0,15.221,13.627,2.0,5.169,7.302,8.0,10.052,9.288,7.0,11.165,11.672,741.5,835.312,616.654,31.0,94.541,174.759,158.0,276.709,305.25,277.0,354.742,312.665,141.0,212.105,208.689,20.0,34.597,40.865,14.0,25.335,30.988,44.8,46.675,22.581,43.4,42.159,21.737,401.5,468.659,355.727,1040.5,1302.692,1084.663,12.5,17.556,18.18,2.0,8.14,14.155,12.0,18.948,19.292,8.0,13.151,14.713,483.5,546.655,416.873,12.0,15.424,13.684,10.0,14.942,14.555,1.0,2.384,3.964,9.0,24.477,35.743,45.0,58.054,46.161,10.0,18.112,21.133,13.0,18.079,18.377,50.0,48.875,21.844
1,Arsenal,26.87,26.49,3.823,22.5,22.591,7.926,16.0,17.0,10.156,1427.5,1519.455,881.677,2.0,2.773,2.81,1.5,2.273,2.676,2.5,2.909,1.974,0.0,0.227,0.528,1.65,2.5,2.588,0.9,1.886,2.129,23.0,34.318,31.383,55.5,75.182,60.816,51.0,74.182,75.041,0.1,0.165,0.167,0.11,0.139,0.155,0.095,0.152,0.142,0.095,0.121,0.119,0.85,0.85,N/a,75.5,75.5,N/a,35.3,35.3,N/a,0.0,0.0,N/a,31.7,27.89,16.69,0.225,0.411,0.41,0.14,0.137,0.13,15.0,14.671,4.999,459.5,700.409,551.783,82.8,82.345,6.297,7044.5,11484.318,9779.36,91.95,90.873,4.759,86.0,84.873,8.049,53.15,55.545,9.682,10.0,17.136,17.313,39.5,56.955,52.283,9.0,17.864,17.817,1.5,3.0,3.625,24.0,38.818,33.092,2.245,2.459,1.428,3.0,4.909,5.485,0.25,0.296,0.31,19.0,24.091,20.328,12.0,14.273,12.33,20.0,20.773,14.165,10.5,10.318,7.167,10.0,13.182,10.839,1.5,4.318,6.792,7.5,8.864,7.272,6.0,9.273,8.647,738.5,983.773,662.528,24.0,73.591,163.872,120.5,246.182,327.214,291.0,427.955,385.052,223.5,316.909,232.448,37.0,52.5,48.601,22.5,29.727,28.687,43.45,48.877,22.218,35.05,36.918,17.634,406.5,578.182,402.19,1282.5,1631.955,1113.232,19.0,21.364,17.956,4.5,11.773,14.583,15.0,19.318,15.286,13.5,15.682,13.357,528.5,693.682,483.473,14.0,16.636,11.061,17.0,16.318,11.712,1.5,3.409,3.725,11.0,31.818,42.051,48.0,58.045,40.028,10.5,19.5,19.815,15.5,18.955,17.762,51.15,48.0,19.478
2,Aston Villa,27.626,27.131,4.036,20.0,18.857,9.966,9.5,13.357,11.324,969.0,1200.0,913.117,1.0,1.857,3.285,0.0,1.464,2.365,2.0,2.429,2.251,0.0,0.071,0.262,0.8,1.914,2.936,0.45,1.404,1.949,16.0,23.071,22.745,33.5,42.75,46.344,20.0,42.321,50.759,0.04,0.176,0.292,0.0,0.086,0.116,0.085,0.193,0.247,0.06,0.092,0.104,1.705,1.705,0.417,60.75,60.75,7.283,57.6,57.6,59.963,50.0,50.0,N/a,27.8,29.4,22.125,0.2,0.469,0.673,0.06,0.076,0.084,16.3,16.924,4.505,396.0,476.643,413.241,82.1,81.221,7.162,5626.0,8150.393,7692.953,91.5,90.032,5.555,86.2,86.471,7.559,53.4,54.125,15.291,6.0,11.75,14.544,22.0,36.714,45.312,7.5,10.25,12.376,0.0,1.821,3.672,20.0,27.929,28.946,1.78,2.117,1.412,2.0,3.357,3.754,0.18,0.236,0.217,10.5,20.964,20.084,6.0,12.107,12.236,10.5,17.679,18.437,5.0,7.714,8.059,9.5,10.643,8.895,2.5,3.5,4.132,5.5,7.143,6.223,5.0,7.964,8.284,647.0,701.071,555.682,29.5,84.571,186.692,132.0,236.214,290.885,237.5,299.036,290.765,113.5,172.75,165.813,19.0,30.964,37.198,17.0,23.429,28.676,47.4,50.678,25.081,41.2,38.785,22.994,383.5,396.429,308.035,1052.0,1149.857,912.871,12.5,14.536,12.819,2.0,7.0,10.414,8.5,16.393,21.284,7.5,12.321,15.036,472.0,467.929,374.38,8.5,13.321,13.419,8.5,15.821,17.051,1.0,1.786,2.727,4.5,19.5,33.706,37.5,45.214,35.421,8.0,12.036,11.714,9.5,13.464,13.593,47.2,40.322,23.969
3,Bournemouth,25.992,26.462,3.84,25.0,21.609,9.838,17.0,16.217,11.33,1580.0,1451.739,975.756,1.0,2.261,3.493,1.0,1.652,1.991,3.0,3.783,3.147,0.0,0.087,0.288,1.1,2.639,3.5,1.1,1.774,1.827,19.0,29.261,34.022,41.0,57.435,51.584,31.0,56.609,70.377,0.03,0.134,0.181,0.05,0.101,0.116,0.08,0.182,0.202,0.1,0.129,0.149,1.0,1.087,0.15,80.0,80.0,4.6,20.0,15.3,13.575,0.0,0.0,N/a,30.35,24.985,17.026,0.15,0.543,0.655,0.065,0.058,0.053,16.45,15.83,4.372,436.0,488.913,394.518,74.2,73.822,6.579,7088.0,8854.957,7609.613,88.0,86.804,7.181,78.2,81.37,10.782,46.9,46.665,17.735,11.0,17.435,16.256,37.0,47.348,47.008,7.0,12.957,13.656,2.0,3.913,5.265,28.0,40.13,35.785,2.35,2.6,1.869,2.0,3.87,4.026,0.22,0.23,0.205,21.0,27.478,23.126,10.0,15.913,14.406,25.0,24.87,21.024,13.0,13.13,10.494,15.0,18.478,16.525,3.0,5.565,7.083,8.0,12.913,12.58,10.0,14.0,15.3,783.0,829.087,608.269,44.0,87.478,146.082,159.0,249.652,270.361,298.0,354.174,312.716,127.0,235.522,234.762,19.0,39.13,47.777,16.0,26.435,31.65,41.25,43.015,19.271,45.1,43.085,19.189,479.0,445.13,332.013,1080.0,1396.87,1258.753,15.0,20.348,19.816,1.0,9.0,15.889,17.0,22.957,21.074,8.0,13.826,17.002,413.0,484.0,357.84,15.0,19.826,17.74,10.0,15.304,13.569,0.0,2.739,5.074,10.0,32.304,40.419,56.0,71.435,56.264,20.0,22.783,20.828,22.0,24.217,20.54,46.1,50.195,18.123
4,Brentford,24.83,26.191,3.914,27.0,22.857,11.146,21.0,17.81,12.956,1913.0,1592.333,1092.856,0.0,2.762,5.291,2.0,1.857,2.455,2.0,2.524,1.887,0.0,0.048,0.218,0.8,2.481,3.93,1.2,1.795,2.241,12.0,25.286,31.88,51.0,56.714,53.197,27.0,56.048,74.696,0.0,0.112,0.189,0.07,0.084,0.097,0.07,0.12,0.156,0.06,0.09,0.079,1.36,1.36,0.17,62.0,62.0,16.971,59.1,59.1,57.841,0.0,0.0,N/a,34.3,30.811,17.714,0.18,0.311,0.371,0.05,0.077,0.085,15.3,15.989,4.267,483.0,565.81,435.586,77.2,76.443,8.036,7530.0,10385.429,9215.523,87.4,86.338,8.073,79.9,81.952,10.028,55.1,55.09,13.537,8.0,14.095,17.219,41.0,46.762,39.723,7.0,13.762,18.471,2.0,3.81,5.278,21.0,33.238,35.141,1.72,1.864,1.145,2.0,4.762,5.726,0.2,0.252,0.226,25.0,26.714,21.543,17.0,16.238,12.696,25.0,24.762,20.134,10.0,11.619,10.409,17.0,20.381,18.688,4.0,8.381,12.379,13.0,12.0,10.015,8.0,12.476,12.04,780.0,910.476,654.105,51.0,142.619,283.875,226.0,357.333,411.392,334.0,338.905,271.359,158.0,222.524,227.737,24.0,41.762,45.469,12.0,26.238,33.125,47.6,49.058,19.59,42.1,42.079,16.107,395.0,480.905,352.274,1171.0,1334.952,1119.638,10.0,15.429,18.495,1.0,9.0,17.257,14.0,22.381,25.717,8.0,12.333,13.317,484.0,557.381,400.413,12.0,12.952,10.361,10.0,14.571,14.123,1.0,2.952,4.477,13.0,28.571,44.222,50.0,69.095,54.549,12.0,26.762,31.199,14.0,23.619,23.689,55.1,53.986,19.473
5,Brighton,24.515,26.03,5.171,20.0,18.964,9.758,9.0,13.357,9.867,895.5,1198.464,866.121,1.0,1.929,2.956,1.0,1.286,1.584,2.0,2.607,2.544,0.0,0.107,0.315,0.75,1.882,2.644,0.95,1.293,1.397,16.5,25.857,29.882,38.5,48.929,49.264,26.5,48.643,62.019,0.045,0.123,0.149,0.035,0.09,0.126,0.09,0.13,0.12,0.09,0.102,0.076,1.095,1.095,0.841,69.15,69.15,8.273,34.4,34.4,22.062,0.0,0.0,N/a,29.3,30.508,21.823,0.31,0.456,0.65,0.055,0.08,0.089,16.5,17.558,3.912,333.0,506.036,475.945,80.7,79.446,8.26,4728.0,8611.857,9051.476,90.9,89.521,6.168,82.1,81.339,10.685,53.0,54.332,15.784,9.0,11.714,9.988,21.5,37.929,47.644,7.5,10.786,10.386,1.0,2.821,3.772,23.5,29.607,23.478,2.81,2.502,1.233,3.0,3.464,2.925,0.29,0.3,0.276,16.5,22.107,19.238,10.0,13.464,11.714,17.5,22.464,18.494,9.0,11.607,9.122,12.0,14.0,12.058,2.0,3.893,5.329,9.0,10.107,9.754,8.5,10.0,9.565,630.0,757.393,610.235,22.5,83.036,190.601,118.0,241.464,318.665,227.0,328.786,319.413,147.0,195.607,177.308,17.0,34.0,41.841,12.0,26.214,31.645,41.5,44.619,21.603,47.9,47.1,20.724,367.5,445.286,381.58,1026.0,1340.143,1411.698,15.5,18.321,18.441,2.5,8.286,14.772,10.0,18.357,18.912,7.0,11.143,12.027,408.0,500.286,419.446,10.5,14.071,12.25,8.0,13.357,14.502,1.0,1.429,1.794,10.0,22.179,27.225,39.0,52.107,43.578,11.5,16.714,17.755,10.5,15.0,14.404,53.8,50.17,19.869
6,Chelsea,24.288,24.078,2.347,20.0,19.68,10.762,13.0,14.8,11.431,1172.0,1328.52,997.131,1.0,2.24,3.539,1.0,1.76,2.223,3.0,3.72,3.273,0.0,0.04,0.2,0.8,2.532,4.021,1.1,1.948,2.335,13.0,31.08,39.266,34.0,58.16,62.489,12.0,57.96,75.207,0.03,0.142,0.209,0.07,0.138,0.186,0.09,0.158,0.179,0.11,0.158,0.171,1.305,1.305,0.276,74.05,74.05,3.748,22.65,22.65,8.415,10.0,10.0,14.142,32.35,28.932,21.715,0.31,0.465,0.498,0.07,0.075,0.081,15.15,15.236,4.648,533.0,651.28,582.504,84.5,83.808,6.387,8433.0,11278.84,10458.0,91.6,90.936,5.734,90.2,88.304,7.373,57.7,56.7,18.069,7.0,16.84,21.179,28.0,54.08,58.156,5.0,13.08,17.093,0.0,2.8,5.431,15.0,39.24,46.033,1.93,2.402,1.653,3.0,4.08,4.536,0.21,0.266,0.244,12.0,20.52,23.559,9.0,12.84,14.599,12.0,19.0,22.297,6.0,9.52,11.737,9.0,12.32,13.124,2.0,3.68,5.573,6.0,8.64,9.626,7.0,9.68,11.127,759.0,905.36,755.925,20.0,84.56,177.189,133.0,269.76,329.777,267.0,407.88,410.958,125.0,235.24,256.551,12.0,41.0,50.357,13.0,28.16,33.325,42.9,43.978,17.025,40.0,40.278,22.266,401.0,526.44,418.124,1293.0,1489.08,1161.992,11.0,17.56,19.042,1.0,11.36,20.54,6.0,16.56,19.231,6.0,10.92,11.906,501.0,646.8,534.072,8.0,15.6,15.932,11.0,16.08,16.628,1.0,2.2,3.926,3.0,24.4,40.663,41.0,55.56,49.884,10.0,14.32,16.63,10.0,14.16,14.702,41.05,45.792,26.314
7,Crystal Palace,27.236,27.233,3.201,29.0,23.95,10.128,19.5,18.0,12.724,1715.5,1612.2,1067.112,0.0,1.8,3.443,1.0,1.6,2.113,2.5,3.6,3.283,0.0,0.2,0.41,1.0,2.505,3.416,1.35,1.955,2.132,12.5,21.6,22.338,52.5,49.4,39.092,11.0,50.3,63.678,0.0,0.078,0.131,0.035,0.065,0.082,0.075,0.142,0.144,0.115,0.104,0.075,1.38,1.38,N/a,66.9,66.9,N/a,29.4,29.4,N/a,50.0,50.0,N/a,31.25,29.81,18.425,0.335,0.504,0.477,0.0,0.052,0.073,18.55,18.295,5.776,516.0,512.15,390.459,75.55,73.99,7.052,8974.0,9172.4,7597.122,84.8,84.205,6.54,81.65,79.705,10.788,46.7,49.77,18.976,10.0,16.2,15.936,28.5,38.35,32.351,7.5,11.9,12.122,1.5,2.9,4.154,32.0,37.55,34.181,2.07,2.26,1.506,3.0,3.7,3.294,0.16,0.184,0.167,25.5,33.25,29.801,13.0,19.3,18.579,28.0,28.2,22.083,15.0,14.2,10.066,17.5,20.55,18.161,2.5,5.75,6.904,14.0,14.8,13.053,10.5,13.4,14.376,881.0,874.2,616.673,25.5,109.8,217.904,172.0,325.1,366.851,369.0,362.25,270.488,157.5,195.1,180.002,20.5,33.5,35.43,12.5,20.85,29.197,40.0,40.516,24.117,47.6,49.726,26.34,423.0,439.2,310.471,976.5,1074.7,782.317,13.5,15.3,13.948,1.5,5.4,7.646,15.0,21.85,20.525,14.0,14.75,14.374,514.0,508.8,348.935,12.0,18.0,16.16,18.5,17.35,15.346,1.0,3.25,5.014,12.0,26.35,31.701,63.5,71.6,53.791,14.0,21.65,22.108,19.0,27.55,25.201,43.15,40.555,18.861
8,Everton,26.524,27.965,5.032,23.5,21.727,9.166,14.5,16.955,10.558,1281.0,1520.273,893.057,1.0,1.409,1.968,1.0,0.909,1.109,3.0,3.227,2.224,0.0,0.091,0.294,1.1,1.673,1.952,1.05,1.282,1.114,12.0,19.727,19.989,36.0,41.318,34.324,23.5,40.5,39.904,0.04,0.09,0.121,0.03,0.058,0.079,0.05,0.113,0.123,0.06,0.083,0.073,1.21,1.21,N/a,71.5,71.5,N/a,29.4,29.4,N/a,100.0,100.0,N/a,35.7,32.6,23.209,0.25,0.37,0.385,0.05,0.08,0.104,17.3,17.271,5.305,412.0,453.182,330.292,73.65,74.268,7.865,7161.5,8580.318,7618.257,86.2,85.373,7.592,82.7,79.827,12.291,56.35,57.186,15.182,9.0,12.091,9.942,34.5,40.136,34.021,8.0,10.545,10.155,1.5,3.636,5.332,24.5,28.682,19.443,1.79,1.883,1.11,2.0,2.364,2.06,0.1,0.156,0.155,23.5,30.045,28.106,13.5,17.591,16.998,22.0,26.636,22.044,8.0,12.955,11.082,12.5,15.955,14.201,3.0,5.773,9.314,7.5,10.182,8.41,9.5,13.545,12.716,689.5,780.273,501.72,31.0,99.5,214.043,165.5,282.909,352.739,292.0,313.727,227.483,171.0,192.045,140.177,18.5,29.136,25.319,18.0,26.455,29.465,47.2,48.043,19.676,45.0,44.495,20.294,325.5,377.318,239.77,714.0,1012.273,794.273,11.5,14.591,11.224,2.0,5.0,6.935,12.5,20.909,19.464,11.0,15.909,13.708,404.0,448.818,269.481,15.0,17.773,13.631,13.0,15.0,12.41,1.0,3.5,6.308,7.5,27.364,35.583,55.0,61.955,46.654,10.0,24.727,28.795,14.5,22.636,22.78,50.6,48.35,18.378
9,Fulham,28.819,28.813,3.351,26.0,23.773,9.211,17.0,16.955,11.18,1596.5,1523.273,935.531,0.5,2.227,3.265,1.0,1.909,2.562,2.0,3.182,2.97,0.0,0.091,0.294,1.0,2.077,2.671,0.95,1.591,1.82,22.0,32.182,35.314,51.0,63.864,48.53,38.0,62.773,70.341,0.015,0.169,0.255,0.09,0.108,0.124,0.095,0.149,0.154,0.085,0.102,0.082,1.35,1.35,N/a,68.3,68.3,N/a,14.7,14.7,N/a,0.0,0.0,N/a,30.6,29.329,18.603,0.265,0.544,0.609,0.06,0.075,0.093,15.4,16.419,4.309,643.0,661.5,493.448,81.5,80.318,7.883,10959.5,11796.545,9638.516,90.6,88.523,6.603,84.75,84.445,9.095,56.2,58.614,12.644,9.5,16.0,16.527,44.5,54.773,46.88,7.0,13.409,18.332,2.5,4.227,6.711,30.0,37.727,31.056,2.225,2.537,1.701,3.0,4.136,4.268,0.185,0.237,0.206,23.0,27.182,21.836,12.0,16.636,14.127,18.0,22.955,19.851,8.0,11.227,10.801,14.0,15.045,10.943,2.0,4.5,6.124,9.5,10.545,8.028,8.5,12.409,13.514,950.0,975.773,670.398,26.5,106.045,229.901,154.5,327.227,387.481,379.0,401.864,314.425,204.0,257.091,222.63,32.0,38.0,37.003,18.5,26.091,26.12,44.0,43.671,18.695,41.3,37.133,14.657,526.5,578.0,409.209,1213.0,1563.955,1265.625,17.5,22.636,22.967,4.5,9.182,11.16,14.5,20.5,17.768,7.5,11.364,11.5,632.5,654.818,446.82,15.0,17.182,13.344,15.0,14.682,10.75,1.0,1.773,3.191,15.0,36.818,50.399,58.0,65.909,44.023,15.0,21.818,22.339,19.0,21.773,20.119,47.75,45.809,21.399
10,Ipswich Town,26.966,27.225,2.985,18.0,18.214,8.8,11.5,12.857,9.698,1006.0,1154.25,794.042,0.0,1.036,2.365,0.0,0.75,1.005,2.0,2.893,2.572,0.0,0.179,0.39,0.5,0.996,1.773,0.4,0.7,0.984,8.0,14.75,18.458,21.5,27.929,25.979,13.5,26.286,36.142,0.0,0.071,0.126,0.0,0.059,0.089,0.035,0.078,0.101,0.03,0.053,0.057,2.5,2.333,0.444,60.0,62.533,6.577,5.6,7.433,8.5,0.0,0.0,0.0,21.1,27.614,25.145,0.07,0.241,0.337,0.065,0.065,0.071,15.8,16.323,5.307,234.0,352.107,307.488,76.0,75.211,8.487,4493.0,6290.357,5540.157,87.25,87.571,7.332,84.7,81.918,11.388,49.5,48.015,14.024,4.0,8.071,11.349,19.0,26.464,28.475,3.5,4.786,6.106,0.0,1.429,2.821,12.5,18.857,21.239,1.295,1.462,1.245,1.0,1.75,2.048,0.1,0.129,0.151,12.5,18.286,16.575,8.0,10.25,9.344,12.0,18.821,16.966,6.5,9.893,9.643,8.0,13.821,14.293,2.0,6.107,9.878,6.5,7.714,7.697,6.5,9.821,9.603,454.5,585.357,465.22,28.5,97.0,133.691,145.5,244.107,250.039,170.5,229.857,213.918,95.0,117.679,124.706,10.0,17.393,21.673,7.0,17.536,26.645,45.35,44.89,11.655,44.85,44.685,9.073,237.5,288.964,223.305,639.0,778.0,614.792,6.5,9.857,11.174,1.0,4.286,7.688,11.0,16.536,20.991,4.0,9.857,14.036,280.5,345.25,281.586,9.5,13.286,14.869,7.5,11.929,11.876,0.5,1.571,2.86,6.0,14.929,29.603,39.0,44.071,36.364,7.5,16.929,22.179,13.0,16.679,18.203,52.6,52.925,26.845
11,Leicester City,26.742,27.208,4.462,21.0,19.731,9.569,14.5,14.385,9.811,1355.0,1292.231,811.218,0.0,1.038,1.8,0.0,0.808,1.132,2.0,3.077,2.576,0.0,0.0,0.0,0.35,1.131,2.085,0.4,0.865,1.056,14.0,20.346,22.201,28.5,37.962,34.587,19.5,37.462,40.219,0.0,0.058,0.091,0.0,0.057,0.086,0.04,0.066,0.086,0.025,0.065,0.08,2.19,2.73,1.104,58.6,54.367,12.787,0.0,1.233,2.136,25.0,25.0,N/a,33.45,34.123,22.783,0.22,0.27,0.265,0.0,0.056,0.071,17.35,17.927,5.818,404.0,483.846,361.555,77.6,77.942,8.379,6180.5,8105.577,6262.134,88.7,88.65,6.956,83.2,84.212,9.188,52.8,55.496,17.718,6.0,8.615,8.828,23.0,34.154,31.382,5.5,7.615,8.377,1.0,2.423,3.982,14.0,19.923,18.214,1.39,1.335,0.984,1.0,1.808,2.35,0.05,0.119,0.148,21.5,25.385,21.936,12.0,14.846,13.166,18.5,24.269,21.495,10.0,12.692,11.821,15.0,17.269,13.69,3.5,6.615,8.115,9.0,10.654,8.347,9.0,11.308,11.606,740.5,754.462,511.966,33.0,99.115,166.402,147.5,275.962,278.989,320.0,343.577,271.396,100.5,142.231,132.367,15.5,21.769,23.944,11.5,22.462,26.61,41.3,43.7,28.203,48.55,48.304,25.45,437.5,428.423,280.599,1080.5,1065.154,734.147,8.0,12.846,12.079,2.5,4.808,6.178,12.0,17.0,15.615,7.5,11.308,12.83,468.5,479.538,320.695,13.0,14.0,10.655,11.0,13.0,11.328,1.0,2.231,4.885,9.5,22.0,27.363,41.0,51.654,37.202,11.5,17.577,16.561,15.0,19.577,17.498,50.5,49.454,19.769
12,Liverpool,26.438,27.204,3.69,28.0,24.476,8.903,19.0,17.81,11.994,1627.0,1596.381,981.765,1.0,3.762,6.503,2.0,2.81,3.97,3.0,2.952,2.291,0.0,0.095,0.301,1.7,3.629,5.488,1.2,2.629,3.121,23.0,35.19,36.397,67.0,81.381,67.27,54.0,80.619,107.99,0.04,0.169,0.241,0.14,0.148,0.146,0.07,0.19,0.21,0.11,0.137,0.119,1.02,1.02,0.255,69.7,69.7,2.97,38.75,38.75,1.768,100.0,100.0,N/a,32.8,31.728,14.953,0.35,0.507,0.454,0.075,0.074,0.071,14.65,15.478,3.988,630.0,778.095,629.733,83.7,82.852,7.468,11124.0,13238.143,11217.988,91.8,91.205,5.878,88.3,86.714,9.669,60.8,60.324,15.203,11.0,22.0,22.645,39.0,67.714,70.615,8.0,18.619,22.6,1.0,3.619,5.878,35.0,49.81,45.476,2.71,2.633,1.549,4.0,6.476,6.57,0.34,0.348,0.264,26.0,28.048,24.08,15.0,17.286,14.769,19.0,28.286,27.88,9.0,13.333,13.785,9.0,15.429,14.712,2.0,3.952,4.566,8.0,11.476,12.746,7.0,12.905,15.748,801.0,1102.048,814.885,27.0,97.714,150.734,160.0,301.381,321.091,280.0,497.524,465.116,195.0,312.81,282.094,42.0,55.81,72.3,16.0,28.238,35.283,49.0,54.91,20.867,41.6,37.98,19.684,510.0,632.714,454.483,1383.0,1718.476,1233.318,17.0,23.762,21.272,5.0,13.714,25.809,19.0,22.571,24.782,11.0,14.476,15.832,570.0,769.667,567.964,15.0,18.524,16.461,12.0,15.19,13.197,1.0,2.619,4.399,6.0,31.048,44.27,62.0,68.857,49.319,9.0,17.905,25.977,12.0,15.952,13.002,42.9,50.481,21.807
13,Manchester City,26.679,26.988,4.914,22.0,19.24,8.762,16.0,14.92,8.406,1404.0,1341.76,744.172,1.0,2.6,4.406,0.0,1.88,2.505,2.0,2.32,1.749,0.0,0.04,0.2,1.2,2.496,4.17,1.5,1.992,2.217,34.0,40.56,43.48,62.0,68.16,58.154,25.0,67.48,75.244,0.06,0.183,0.253,0.0,0.103,0.141,0.07,0.164,0.221,0.07,0.12,0.126,1.31,1.31,0.226,68.25,68.25,0.354,28.4,28.4,4.808,0.0,0.0,0.0,32.45,31.473,21.201,0.33,0.469,0.525,0.105,0.136,0.213,17.9,17.032,4.81,676.0,767.72,566.633,87.7,86.548,6.864,10078.0,12456.0,9299.121,94.3,92.152,6.015,92.1,89.58,7.788,62.5,59.548,12.249,9.0,16.92,16.485,42.0,59.68,61.618,11.0,15.32,15.523,1.0,2.28,3.062,33.0,39.04,33.14,2.13,2.421,1.758,3.0,4.56,4.426,0.28,0.281,0.239,15.0,17.68,16.075,7.0,10.8,10.432,12.0,16.12,14.951,6.0,8.52,8.211,11.0,12.04,9.231,1.0,3.2,4.699,9.0,8.84,6.731,5.0,7.96,8.259,878.0,1000.36,670.044,35.0,76.12,134.086,197.0,234.16,233.001,331.0,430.92,377.443,324.0,343.48,270.086,22.0,47.12,50.599,21.0,28.64,39.311,45.5,48.491,26.66,35.1,37.217,23.675,563.0,643.48,446.045,1674.0,1994.16,1516.487,23.0,30.36,26.888,3.0,14.04,22.041,10.0,16.72,14.825,11.0,14.24,13.917,630.0,757.48,520.489,10.0,10.36,7.973,12.0,13.44,11.166,0.0,1.68,2.462,8.0,22.96,31.077,46.0,51.72,34.713,5.0,10.96,13.409,8.0,11.72,10.979,46.4,45.132,20.986
14,Manchester Utd,25.714,25.845,5.092,20.5,18.923,11.157,15.0,13.846,10.902,1368.5,1241.423,936.904,0.0,1.269,2.183,0.0,0.923,2.096,2.5,2.808,2.417,0.0,0.115,0.431,0.85,1.715,2.364,0.55,1.25,1.709,9.5,22.615,32.195,43.5,47.692,58.035,15.5,44.769,66.415,0.0,0.062,0.099,0.0,0.041,0.086,0.06,0.123,0.154,0.06,0.089,0.093,1.3,1.3,N/a,69.0,69.0,N/a,27.3,27.3,N/a,25.0,25.0,N/a,25.85,24.65,15.699,0.165,0.355,0.457,0.0,0.043,0.055,16.05,16.391,6.153,574.0,561.962,469.57,82.7,82.969,5.76,8340.0,9231.808,8300.099,90.85,89.946,4.593,86.0,85.238,8.569,56.4,59.15,17.894,6.5,13.038,17.755,24.5,37.923,41.141,5.0,10.5,15.313,1.0,2.115,2.79,15.5,30.5,36.915,1.94,2.343,1.49,1.0,2.269,3.894,0.035,0.122,0.207,21.0,27.808,28.313,9.5,16.731,17.313,17.0,24.077,24.885,5.0,10.769,12.443,9.0,12.577,11.211,2.0,3.692,4.986,7.0,8.885,8.724,7.0,12.885,12.978,796.0,824.692,669.368,22.5,85.5,195.388,153.0,292.385,326.103,321.5,349.385,311.608,103.0,190.538,225.185,18.0,31.154,38.311,5.5,20.192,25.75,50.0,47.538,28.329,49.6,46.962,26.665,488.5,501.962,404.821,808.0,1259.077,1122.476,10.5,15.654,18.616,1.0,7.385,15.882,9.5,16.731,18.27,4.5,12.192,14.117,551.0,552.654,442.903,12.0,13.769,11.504,7.5,12.385,11.576,1.0,2.115,3.179,6.0,20.538,37.014,47.0,57.962,52.003,10.5,16.154,16.35,14.0,16.462,18.597,51.6,52.18,25.344
15,Newcastle Utd,27.458,27.952,4.725,27.0,22.565,9.917,13.0,16.261,12.259,1413.0,1459.826,1021.144,0.0,2.739,5.011,1.0,2.087,2.843,2.0,2.565,3.028,0.0,0.043,0.209,0.5,2.548,4.265,0.9,1.852,2.241,14.0,29.087,32.387,56.0,61.174,60.898,22.0,60.739,69.357,0.0,0.163,0.261,0.04,0.107,0.132,0.11,0.143,0.163,0.08,0.099,0.093,1.265,1.265,0.092,70.6,70.6,0.141,39.6,39.6,14.708,50.0,50.0,N/a,25.0,22.919,17.245,0.28,0.371,0.417,0.05,0.087,0.109,14.7,15.619,3.682,459.0,599.435,511.829,81.8,79.652,6.949,6537.0,10098.478,9054.408,88.6,87.709,7.716,86.6,85.265,11.195,51.5,54.019,12.843,8.0,15.522,16.186,26.0,44.174,47.285,8.0,14.913,17.985,0.0,2.783,4.522,27.0,36.13,35.297,2.01,2.078,1.404,3.0,4.783,5.393,0.23,0.228,0.221,22.0,23.826,21.356,14.0,14.565,13.344,27.0,23.435,21.869,9.0,11.217,10.685,17.0,16.739,13.939,3.0,5.609,7.191,9.0,11.13,10.096,6.0,10.783,11.509,747.0,898.13,713.881,26.0,90.0,142.339,122.0,294.435,333.717,225.0,376.13,343.425,127.0,236.304,222.77,31.0,41.696,45.776,7.0,26.435,30.428,47.7,43.629,16.965,42.9,44.038,16.739,471.0,512.13,417.996,1475.0,1393.0,1117.073,13.0,17.826,16.859,4.0,10.435,15.582,11.0,18.609,17.343,7.0,17.652,20.142,538.0,595.087,490.907,9.0,15.391,16.522,11.0,17.609,23.457,2.0,3.043,4.301,9.0,26.739,38.63,46.0,65.0,57.439,7.0,18.478,27.522,12.0,17.783,19.157,50.0,49.678,23.863
16,Nott'ham Forest,27.129,27.266,3.594,29.5,23.864,10.575,18.5,17.0,12.903,1764.0,1527.682,1071.82,1.0,2.364,4.17,1.0,1.727,2.472,2.0,3.364,2.969,0.0,0.091,0.294,1.4,1.886,2.543,1.1,1.391,1.42,12.5,25.591,33.338,34.0,44.273,41.717,17.5,43.909,55.971,0.055,0.119,0.164,0.055,0.094,0.114,0.07,0.113,0.133,0.065,0.088,0.087,1.21,1.21,N/a,73.8,73.8,N/a,38.2,38.2,N/a,0.0,0.0,N/a,36.45,38.99,26.122,0.29,0.433,0.421,0.06,0.079,0.085,18.8,19.09,6.304,380.0,427.818,331.242,76.7,73.714,8.563,5542.5,7300.727,6130.443,88.1,86.273,7.729,81.4,77.495,11.906,43.4,45.136,15.825,10.0,13.818,14.802,26.0,37.636,36.199,6.5,9.545,10.331,1.0,2.409,3.333,23.5,32.591,31.652,1.8,1.928,1.315,2.0,3.773,4.859,0.16,0.213,0.224,20.5,28.136,25.208,13.0,17.045,15.765,18.5,26.727,26.125,7.0,13.182,13.612,11.0,17.636,17.77,3.0,6.545,9.874,7.5,11.091,10.328,11.0,13.045,10.987,807.5,759.5,548.695,33.0,101.364,172.155,148.0,262.227,282.098,239.0,302.227,254.776,125.5,204.773,200.946,21.0,31.773,31.297,11.5,24.727,27.603,44.95,50.111,24.811,37.9,38.622,22.148,360.5,349.455,266.375,823.5,1070.0,986.363,10.5,16.091,17.474,2.0,7.727,12.536,18.0,23.0,23.088,9.5,13.136,13.065,434.0,424.455,322.121,12.0,16.273,13.579,10.0,17.0,16.682,1.0,3.727,6.22,6.5,23.818,36.553,46.0,64.227,52.791,13.5,23.136,25.34,18.5,22.682,26.121,43.9,50.405,20.867
17,Southampton,26.967,26.966,4.226,20.0,18.138,10.056,13.0,12.862,9.512,1122.0,1151.345,828.595,0.0,0.828,1.071,0.0,0.517,0.829,2.0,2.759,2.862,0.0,0.103,0.409,0.5,1.045,1.362,0.5,0.79,0.896,10.0,20.241,26.476,23.0,35.552,38.558,20.0,34.517,37.546,0.0,0.054,0.08,0.0,0.043,0.097,0.04,0.077,0.089,0.03,0.054,0.059,2.33,2.413,0.162,67.5,67.6,2.651,0.0,2.567,4.446,14.3,14.3,20.223,30.0,25.948,22.487,0.15,0.218,0.285,0.05,0.071,0.097,18.3,17.344,6.026,242.0,485.483,464.816,80.2,80.917,7.997,3918.0,8224.207,8264.992,90.9,89.683,6.853,89.5,85.476,10.921,55.05,53.332,17.046,5.0,8.586,8.942,13.0,31.483,38.754,5.0,6.759,7.558,1.0,1.793,2.555,15.0,19.586,19.434,1.43,1.418,0.844,1.0,1.379,1.879,0.06,0.109,0.141,13.0,20.0,18.891,7.0,11.517,10.812,13.0,17.897,14.014,10.0,9.207,6.894,7.0,12.966,14.537,2.0,5.69,8.873,5.0,7.276,7.851,5.0,9.448,12.067,457.0,707.0,616.169,42.0,91.828,166.028,161.0,259.0,312.241,186.0,303.828,297.662,122.0,150.345,145.864,15.0,21.241,20.113,5.0,22.379,31.791,43.85,48.142,27.863,44.55,42.412,28.085,253.0,394.241,349.59,599.0,1070.897,1087.356,9.0,14.931,18.272,1.0,5.069,7.502,9.0,14.552,14.659,5.0,10.966,13.655,338.0,480.276,421.517,12.0,14.345,12.99,8.0,13.276,15.156,0.0,1.483,2.6,6.0,17.103,25.955,23.0,45.034,42.994,8.0,14.172,20.394,8.0,12.379,13.3,54.5,54.172,22.75
18,Tottenham,25.633,25.652,4.538,21.0,18.889,9.279,15.0,13.815,8.119,1252.0,1241.111,696.541,0.0,2.185,3.27,1.0,1.667,2.402,2.0,2.37,2.339,0.0,0.037,0.192,0.7,2.074,2.914,0.9,1.552,2.015,16.0,28.963,28.864,49.0,56.222,47.118,31.0,55.852,69.121,0.0,0.137,0.212,0.05,0.117,0.158,0.07,0.144,0.183,0.08,0.107,0.111,1.75,1.78,0.346,65.2,63.5,6.518,18.2,19.167,5.415,0.0,0.0,N/a,33.3,32.971,19.605,0.3,0.412,0.417,0.055,0.074,0.086,17.0,16.367,5.107,693.0,570.556,370.155,84.8,80.937,8.248,10536.0,9466.222,6381.721,91.3,89.567,6.656,89.8,84.741,10.923,54.4,55.252,15.102,7.0,13.37,17.592,37.0,44.593,39.437,8.0,13.185,16.655,1.0,3.0,5.084,15.0,30.889,36.416,1.63,1.988,1.539,2.0,3.778,4.627,0.22,0.254,0.263,13.0,22.333,20.614,9.0,14.185,13.997,14.0,20.185,17.781,9.0,10.0,8.54,15.0,14.556,11.991,4.0,5.074,5.151,9.0,9.481,8.946,10.0,10.481,10.686,885.0,828.333,513.714,55.0,83.741,114.26,228.0,266.815,223.907,393.0,350.444,257.795,152.0,219.222,227.113,24.0,35.519,42.227,19.0,27.667,29.093,43.05,43.8,24.811,49.4,43.408,24.229,564.0,519.037,309.793,1496.0,1439.407,858.132,18.0,19.481,16.956,4.0,8.667,11.907,15.0,17.889,17.829,10.0,14.296,16.179,629.0,566.037,338.996,10.0,14.519,12.819,10.0,16.333,15.123,1.0,2.037,3.204,12.0,26.444,42.568,57.0,56.222,40.605,9.0,13.704,13.553,11.0,14.222,13.785,50.0,50.115,23.221
19,West Ham,28.329,28.877,4.923,23.0,21.957,7.772,14.0,15.826,10.465,1347.0,1417.435,877.689,0.0,1.565,2.537,1.0,0.957,1.522,2.0,3.043,2.619,0.0,0.13,0.344,1.4,1.839,2.238,1.1,1.274,1.422,15.0,23.87,30.173,31.0,45.522,40.888,25.0,46.696,56.901,0.0,0.094,0.135,0.03,0.077,0.145,0.07,0.135,0.162,0.07,0.1,0.104,1.7,1.7,0.028,68.85,68.85,8.132,17.45,17.45,1.061,0.0,0.0,N/a,28.0,24.376,14.729,0.23,0.388,0.427,0.04,0.052,0.066,15.6,17.6,5.845,510.0,540.261,401.597,79.9,78.217,7.922,8497.0,9530.957,7262.08,89.8,88.626,7.112,85.7,83.374,10.782,54.9,54.674,16.408,9.0,12.348,12.474,37.0,39.261,33.14,5.0,10.435,12.464,1.0,2.739,3.558,18.0,30.87,30.584,1.83,2.181,1.538,2.0,2.348,3.157,0.1,0.142,0.172,17.0,23.826,20.205,11.0,14.043,11.891,22.0,20.0,14.753,7.0,9.435,7.525,19.0,17.435,13.304,4.0,6.652,8.483,11.0,10.783,7.804,8.0,12.783,14.918,738.0,845.174,583.241,42.0,113.87,178.428,196.0,316.478,312.039,366.0,355.0,283.148,116.0,182.217,183.997,24.0,32.087,39.065,14.0,30.13,45.398,47.6,51.823,23.564,42.1,36.245,23.696,338.0,432.174,311.991,762.0,1122.0,928.732,10.0,15.043,16.832,2.0,6.87,13.434,12.0,18.652,19.488,6.0,15.13,22.766,481.0,538.478,383.354,15.0,16.478,13.784,12.0,15.652,17.095,1.0,2.913,4.209,11.0,21.913,27.218,46.0,58.13,47.55,11.0,22.304,27.034,18.0,21.043,18.785,50.0,51.652,16.862
20,Wolves,26.847,27.668,3.994,25.0,22.087,8.681,15.0,16.174,10.547,1364.0,1452.174,848.656,1.0,2.174,3.939,1.0,1.696,2.225,2.0,3.217,2.746,0.0,0.087,0.288,0.8,1.752,2.477,0.9,1.396,1.78,12.0,23.13,27.193,30.0,45.0,40.334,28.0,44.348,47.076,0.07,0.124,0.17,0.04,0.103,0.134,0.08,0.113,0.123,0.07,0.082,0.08,2.06,2.06,0.523,61.9,61.9,0.566,13.45,13.45,19.021,16.65,16.65,23.547,28.6,30.89,17.002,0.23,0.36,0.413,0.07,0.099,0.118,18.1,18.119,5.738,484.0,548.696,399.835,80.4,77.83,8.756,9479.0,9376.217,6297.291,90.4,88.335,6.891,86.4,84.717,9.487,56.7,52.609,15.678,10.0,12.304,12.437,24.0,38.565,32.719,4.0,10.652,12.655,1.0,2.696,3.457,21.0,29.174,27.535,1.78,1.82,1.089,3.0,3.913,4.144,0.18,0.258,0.246,19.0,30.87,27.009,12.0,18.13,16.799,18.0,25.913,22.579,7.0,11.826,12.978,15.0,17.478,12.354,4.0,5.783,6.022,9.0,11.696,10.155,9.0,11.826,9.637,724.0,852.087,555.888,55.0,99.696,144.518,304.0,299.609,245.338,328.0,384.391,308.1,123.0,178.522,182.8,23.0,27.739,31.094,14.0,27.478,33.756,46.4,44.086,22.679,41.7,42.69,23.048,390.0,466.739,297.895,1038.0,1298.217,894.12,13.0,17.696,21.731,3.0,5.565,8.409,16.0,22.304,22.247,11.0,14.087,14.89,482.0,544.435,360.97,14.0,19.304,17.105,10.0,16.609,16.754,1.0,2.478,3.301,10.0,21.087,29.868,43.0,64.174,49.34,10.0,17.478,17.43,15.0,18.87,19.675,40.7,46.496,24.193
